id_noticia,titulo,url,medio,idioma,fecha_publicacion,fecha_deteccion,fecha_extraccion,tema,origen,alcance_texto,descripcion,palabras_clave
N-f2f4a261fd,"Contenido Exclusivo: Coclé, se seca el campo",https://www.tvn-2.com/contenido-exclusivo/contenido-exclusivo-cocle-seca-campo-fenomeno-de-el-nino-clima-agua-produccion-sequia_1_2263614.html,tvn-2.com,es,2026-10-01T01:31:04.000Z,,2026-10-06T22:50:47.899Z,,tvn_rss,titular+descripcion,La falta de agua también se refleja en uno de los principales cultivos del país: el arroz.,Fenómeno de El Niño|clima en Panamá|Medio Ambiente|Sequía|Provincia de Coclé
N-14dcb8e259,Contenido Exclusivo: Turismo en transporte público,https://www.tvn-2.com/contenido-exclusivo/contenido-exclusivo-turismo-transporte-publico_1_2263290.html,tvn-2.com,es,2026-09-29T01:23:06.000Z,,2026-10-06T22:50:47.899Z,,tvn_rss,titular+descripcion,"Durante el recorrido, turistas consultados destacaron el bajo costo y la posibilidad de conocer la ciudad utilizando el transporte público.",transporte público|turismo|Panamá|metro de Panamá
N-20c6db94ef,Líderes 360 | Mario Castrellón: la visión de un chef que convirtió la gastronomía panameña en una marca país,https://www.tvn-2.com/lideres-360/lideres-360-mario-castrellon-chef-gastronomia-panama-maito_1_2254177.html,tvn-2.com,es,2026-08-07T12:15:31.000Z,,2026-10-06T22:50:47.899Z,,tvn_rss,titular+descripcion,"Más allá de los reconocimientos internacionales, Mario Castrellón sostiene que su verdadera misión ha sido darle valor a la identidad culinaria panameña.",Líderes 360|Liderazgo|Gastronomía|chef|Restaurantes
N-aa4d361f7a,Mario Castrellón protagoniza Líderes 360 este viernes en Noticias AM,https://www.tvn-2.com/lideres-360/mario-castrellon-protagoniza-lideres-360-noticias-am_1_2254164.html,tvn-2.com,es,2026-08-05T11:00:19.000Z,,2026-10-06T22:50:47.899Z,,tvn_rss,titular+descripcion,"Durante la conversación, Castrellón reflexiona sobre las decisiones que marcaron su camino, la importancia de reinventarse y su visión de la cocina como una herramienta para proyectar la identidad nacional.",Líderes 360|chef|TVN Media|Gastronomía en Panamá
N-76fd315871,"Líderes 360: Pedro Heilbron, el hombre que vio despegar a Copa y convertirse en el Hub de las Américas",https://www.tvn-2.com/lideres-360/lideres-360-pedro-heilbron-despegar-copa-airlines-hub-de-las-americas_1_2249044.html,tvn-2.com,es,2026-07-03T12:00:47.000Z,,2026-10-06T22:50:47.899Z,,tvn_rss,titular+descripcion,"Hay empresas que nacen grandes. Copa Airlines no fue una de ellas. En esta primera edición de
Líderes 360
, Eduardo Lim Yueng conversa con Pedro Heilbron, el hombre que durante casi cuatro décadas ha liderado la transformación de una pequeña aerolíne",Líderes 360|Copa Airlines|empresarios|Hub de las Américas
N-1486381d53,"Líderes 360: Pedro Heilbron plantea una hoja de ruta para Panamá; turismo sostenible, eficiencia y un país transparente",https://www.tvn-2.com/lideres-360/lideres-360-pedro-heilbron-panama-turismo-eficiencia-transparencia_1_2249216.html,tvn-2.com,es,2026-07-05T13:00:06.000Z,,2026-10-06T22:50:47.899Z,,tvn_rss,titular+descripcion,"La visión que plantea Pedro Heilbron propone una estrategia de competitividad basada en instituciones más eficientes, reglas claras, turismo sostenible, logística moderna y un compromiso permanente con la transparencia.",Líderes 360|Copa Airlines|turismo|Crecimiento económico
N-370815807d,Líderes 360 estrena el 3 de julio en Noticias AM con historias de impacto empresarial,https://www.tvn-2.com/lideres-360/lideres-360-estrena-noticias-am-impacto-empresarial-pedro-heilbron_1_2247767.html,tvn-2.com,es,2026-07-01T20:03:18.000Z,,2026-10-06T22:50:47.899Z,,tvn_rss,titular+descripcion,"En esta primera entrega, el espacio contará con la participación de
Pedro Heilbron, CEO de Copa Airlines.",Líderes 360|Liderazgo|empresas
N-9f1547c156,Relevo por la Vida de Fanlyc: 24 horas de esfuerzo y esperanza en la Cinta Costera 3,https://www.tvn-2.com/nacionales/relevo-vida-fanlyc-24-horas-esfuerzo-esperanza-cinta-costera-tres-cancer_1_2259489.html,tvn-2.com,es,2026-09-06T00:09:00.000Z,,2026-10-06T22:50:47.899Z,,tvn_rss,titular+descripcion,"Gente TVN
se sumó al apoyo de esta carrera por la vida.",fanlyc|carrera|cáncer
N-f7a2efc25a,TVN Media comparte su experiencia de transformación digital en cumbre WISS LATAM,https://www.tvn-2.com/nacionales/tvn-media-comparte-experiencia-transformacion-cumbre-wiss-latam_1_2257996.html,tvn-2.com,es,2026-08-27T21:49:51.000Z,,2026-10-06T22:50:47.899Z,,tvn_rss,titular+descripcion,"El proceso de digitalización también ha obligado a los medios tradicionales a ampliar sus capacidades y desarrollar contenidos pensados para diferentes plataformas, de acuerdo con los hábitos y preferencias de las audiencias.",TVN Media|Innovación|mujeres|Liderazgo
N-6ef3f98fe7,WISS LATAM reúne a mujeres líderes y empresarias para impulsar la innovación y el liderazgo femenino,https://www.tvn-2.com/nacionales/wiss-latam-reune-mujeres-lideres_1_2257812.html,tvn-2.com,es,2026-08-27T01:21:28.000Z,,2026-10-06T22:50:47.899Z,,tvn_rss,titular+descripcion,"La cumbre busca convertirse en un espacio de conexión y aprendizaje, al reunir a empresarias y líderes con expertos provenientes de más de 12 países",cumbre|Liderazgo|mujeres
N-65d473e65a,TVN Media y ADEN Business School firman acuerdo para acceder a programas de estudio superior,https://www.tvn-2.com/nacionales/tvn-media-aden-business-school_1_2255801.html,tvn-2.com,es,2026-08-14T00:59:23.000Z,,2026-10-06T22:50:47.899Z,,tvn_rss,titular+descripcion,"Una alianza estratégica con ADEN Business School facilitará la capacitación en inteligencia artificial, programas especializados y estudios superiores para impulsar el desarrollo profesional.",TVN Media|Estudios|universidad
N-e4acef3fcf,TVN Media moviliza a sus colaboradores para convertir la solidaridad en vidas,https://www.tvn-2.com/gente-tvn/tvn-media-moviliza-colaboradores-convertir_1_2255762.html,tvn-2.com,es,2026-08-13T22:07:30.000Z,,2026-10-06T22:50:47.899Z,,tvn_rss,titular+descripcion,"Como parte de su compromiso con la comunicación responsable y solidaria, uno de los pilares de su estrategia de sostenibilidad, TVN Media continúa poniendo sus plataformas y capacidad de convocatoria al servicio de iniciativas que generan un impacto",Donación|donación sangre|Fundación Sangre Panamá|voluntariados|héroes
N-ab43ed9df5,TVN Media y la Asociación de Directoras de Panamá firman alianza para impulsar el liderazgo femenino,https://www.tvn-2.com/nacionales/tvn-media-asociacion-directoras-panama_1_2254586.html,tvn-2.com,es,2026-08-06T01:08:53.000Z,,2026-10-06T22:50:47.899Z,,tvn_rss,titular+descripcion,Un convenio de colaboración busca dar visibilidad a la Ley 56 de 2017 y promover una mayor representación de mujeres en juntas directivas del sector empresarial.,TVN Media|mujeres|igualdad de género
N-5c93d9a62f,TVN Media recibe reconocimiento del programa Reduce Tu Huella por su compromiso con la gestión ambiental,https://www.tvn-2.com/nacionales/tvn-media-recibe-reconocimiento-programa-reduce-tu-huella-gestion-ambiental_1_2254331.html,tvn-2.com,es,2026-08-05T00:38:03.000Z,,2026-10-06T22:50:47.899Z,,tvn_rss,titular+descripcion,"Como resultado de estos esfuerzos, las emisiones reportadas por
TVN Media en 2025
disminuyeron cerca de un
43%
en comparación con 2024, reflejando el impacto positivo de las diferentes medidas adoptadas por la organización.",TVN Media|Ministerio de Ambiente|reconocimiento|Medio Ambiente|Carbono
N-01f6001885,"TVN Media y UDELAS firman alianza para impulsar la educación, el bienestar y el desarrollo social",https://www.tvn-2.com/gente-tvn/tvn-media-udelas-firman-alianza_1_2253105.html,tvn-2.com,es,2026-07-28T17:00:00.000Z,,2026-10-06T22:50:47.899Z,,tvn_rss,titular+descripcion,"TVN Media y la Universidad Especializada de las Américas (UDELAS) firmaron un convenio de colaboración con el propósito de desarrollar programas, proyectos y actividades de interés común en las áreas académica, formativa, social y de bienestar, reafi",universidades|Alianza|Universidad de las Américas (Udelas)
N-e04c93d9e6,TVN Media oficializa patrocinio para el World of Coffee Panamá 2026,https://www.tvn-2.com/nacionales/tvn-media-oficializa-patrocinio-world_1_2251452.html,tvn-2.com,es,2026-07-17T01:20:25.000Z,,2026-10-06T22:50:47.899Z,,tvn_rss,titular+descripcion,"A través de esta alianza, se pondrán a disposición sus pantallas y contenidos multiplataforma para potenciar el desarrollo económico, promover el turismo y fortalecer el posicionamiento de la nación como un referente indiscutible del café de especial",TVN Media|cafe|Cámara de Comercio de Panamá
N-a9255cef34,TVN Media oficializa su patrocinio de la Feria Internacional del Libro de Panamá,https://www.tvn-2.com/gente-tvn/tvn-media-oficializa-patrocinio-feria_1_2250436.html,tvn-2.com,es,2026-07-10T20:03:53.000Z,,2026-10-06T22:50:47.899Z,,tvn_rss,titular+descripcion,"TVN Media oficializó su patrocinio de la Feria Internacional del Libro de Panamá, reafirmando su compromiso con la promoción de la educación, la cultura y el acceso al conocimiento a través de iniciativas que generan un impacto positivo en la socieda",feria de libro|Cultura|Eventos en Panamá|escritores|escritoras
N-2cdb485b70,TVN Media avanza en Merco Talento Panamá 2026 y reafirma su liderazgo como número uno en el sector de medios de comunicación,https://www.tvn-2.com/nacionales/tvn-media-avanza-merco-talento_1_2250207.html,tvn-2.com,es,2026-07-09T17:36:21.000Z,,2026-10-06T22:50:47.899Z,,tvn_rss,titular+descripcion,"TVN Media fue reconocida nuevamente entre las organizaciones con mayor capacidad para atraer y fidelizar talento en Panamá, al mejorar su posición en el ranking general de Merco Talento Panamá 2026 y mantenerse como la empresa líder del sector de med",talento|Premios|Medios de comunicación
N-4e86a019dd,CEO Women Summit 2026: TVN Media destaca la importancia de abrir espacios para el liderazgo femenino,https://www.tvn-2.com/nacionales/tvn-media-ceo-women-summit-potenciar-crecimiento-profesional-mujeres_1_2250211.html,tvn-2.com,es,2026-07-09T18:24:38.000Z,,2026-10-06T22:50:47.899Z,,tvn_rss,titular+descripcion,"El summit también reunió a
líderes empresariales de toda Latinoamérica
para intercambiar estrategias y casos reales que ya están transformando positivamente el entorno corporativo y comunitario.",Liderazgo|Mujeres en Panamá|empresas
N-a4d55a1b5b,TVN estrena Líderes 360 y consolida su cobertura del Mundial 2026,https://www.tvn-2.com/nacionales/tvn-media-estrena-lideres-360-mundial-2026_1_2249178.html,tvn-2.com,es,2026-07-03T14:17:00.000Z,,2026-10-06T22:50:47.899Z,,tvn_rss,titular+descripcion,"Luis Mouynes, gerente general de TVN Media, detalla el enfoque del nuevo segmento que resalta el liderazgo panameño y el éxito de las transmisiones deportivas que llegaron a millones.",TVN Media|luis mouynes|Megaproyectos TVN Media|gente tvn
N-b025c287aa,TVN Media y el Teatro Nacional sellan alianza para promover la cultura panameña,https://www.tvn-2.com/nacionales/tvn-media-teatro-nacional-sellan-alianza-firma-convenio-cultura_1_2247507.html,tvn-2.com,es,2026-06-23T15:06:20.000Z,,2026-10-06T22:50:47.899Z,,tvn_rss,titular+descripcion,"El
Teatro Nacional
, ubicado en el Casco Antiguo de la Ciudad de Panamá, es considerado una de las joyas arquitectónicas y culturales del país.",TVN Media|Teatro Nacional|Cultura en Panamá
N-af1fb30f15,TVN Media y Fundación Relaciones Sanas firman convenio para impulsar la educación y sensibilización sobre salud mental,https://www.tvn-2.com/gente-tvn/tvn-media-fundacion-relaciones-sanas_1_2246715.html,tvn-2.com,es,2026-06-18T17:10:05.000Z,,2026-10-06T22:50:47.899Z,,tvn_rss,titular+descripcion,"TVN Media y Fundación Relaciones Sanas formalizaron su alianza con el propósito de promover la educación, sensibilización y prevención en temas relacionados con la salud mental y el bienestar social.",Fundación|Salud Mental|Jovenes|gente tvn
N-40e46871bb,Gente TVN fortalece su compromiso social con jornada deportiva inclusiva,https://www.tvn-2.com/nacionales/gente-tvn-fortalece-compromiso-social-jornada-deportiva-inclusiva_1_2245912.html,tvn-2.com,es,2026-06-14T02:02:12.000Z,,2026-10-06T22:50:47.899Z,,tvn_rss,titular+descripcion,"Durante la jornada, periodistas, productores, camarógrafos y colaboradores de distintas áreas de TVN Media compartieron con los participantes en actividades recreativas y deportivas.",gente tvn|Cine y tv|Voluntariado|TVN Media
N-48c879fc79,TVN Media y XCOM se unen para impulsar la innovación y el futuro de la comunicación en Panamá,https://www.tvn-2.com/nacionales/tvn-media-excom-unen-impulsar_1_2242806.html,tvn-2.com,es,2026-05-26T20:20:00.000Z,,2026-10-06T22:50:47.899Z,,tvn_rss,titular+descripcion,"Además de fortalecer la industria local, este tipo de eventos contribuye al posicionamiento internacional de Panamá como un hub regional de creatividad, innovación y talento.",TVN Media|Comunicación|Medios de comunicación|Alianza
N-02d9d003eb,TVN Media y Universidad Latina firman convenio para fortalecer formación de estudiantes,https://www.tvn-2.com/nacionales/tvn-media-firma-convenio-universidad-latina-fortalecer-formacion-estudiantes_1_2242290.html,tvn-2.com,es,2026-05-23T02:30:00.000Z,,2026-10-06T22:50:47.899Z,,tvn_rss,titular+descripcion,"El convenio también impactará a estudiantes de otras áreas académicas como ingenierías, recursos humanos, psicología y negocios, ampliando las oportunidades de formación y vinculación profesional.",TVN Media|universidad|estudiantes universitarios|Convenio
N-8ec87ba73d,TVN Media firma alianza para promover 'Mosaico Panamá',https://www.tvn-2.com/nacionales/tvn-media-firma-alianza-promover-mosaico-panama_1_2240535.html,tvn-2.com,es,2026-05-12T00:59:45.000Z,,2026-10-06T22:50:47.899Z,,tvn_rss,titular+descripcion,"Durante esta edición, “
Mosaico Panamá
” abordará temas relacionados con la multiculturalidad, la libertad y el respeto como pilares que fortalecen la identidad nacional.",TVN Media|Cultura|Mosaico|Panamá
N-7a6631b30e,TVN Media y Fundamorgan firman alianza para sensibilizar sobre la problemáticas sociales como la violencia,https://www.tvn-2.com/nacionales/tvn-media-fundamorgan-firman-alianza_1_2238967.html,tvn-2.com,es,2026-05-01T01:19:41.000Z,,2026-10-06T22:50:47.899Z,,tvn_rss,titular+descripcion,"Con esta alianza, ambas organizaciones reafirman su compromiso de contribuir a la construcción de una sociedad más consciente y preparada para enfrentar estos desafíos.",Fundación|Alianza|Violencia doméstica|TVN Media
N-926581c42c,TVN Media y Capadeso sellan alianza para visibilizar labor social,https://www.tvn-2.com/nacionales/tvn-media-camara-panamena-desarrollo-social_1_2238469.html,tvn-2.com,es,2026-04-28T18:53:57.000Z,,2026-10-06T22:50:47.899Z,,tvn_rss,titular+descripcion,"Con este acuerdo, ambas organizaciones buscan fortalecer el vínculo entre la ciudadanía y las iniciativas sociales, generando mayor conciencia sobre los desafíos y soluciones que impulsan diversos sectores en Panamá.",TVN Media|Desarrollo social|Capadeso|Panamá|acuerdo
N-04cafa518f,TVN Media y Jump renuevan alianza para impulsar el emprendimiento en Panamá,https://www.tvn-2.com/nacionales/tvn-media-jump-renuevan-alianza-emprendimiento-panama_1_2237758.html,tvn-2.com,es,2026-04-23T18:22:28.000Z,,2026-10-06T22:50:47.899Z,,tvn_rss,titular+descripcion,"Esta colaboración reafirma el compromiso de ambas plataformas con el talento panameño, al ofrecer visibilidad, acompañamiento y herramientas a emprendedores que buscan transformar sus ideas en negocios sostenibles y de impacto.",emprendimientos|TVN Media|jump
N-5def86a61c,"TVN Media conmemora el Día de las Buenas Acciones con jornada solidaria junto a ADAVION, Héroes por Panamá 2019",https://www.tvn-2.com/nacionales/tvn-media-conmemora-dia-buenas-acciones-adavion-heroes-por-panama_1_2236132.html,tvn-2.com,es,2026-04-13T23:02:47.000Z,,2026-10-06T22:50:47.899Z,,tvn_rss,titular+descripcion,"Esta acción se suma a una serie de esfuerzos que TVN Media impulsa a lo largo del año, donde sus colaboradores participan activamente en proyectos sociales, colectas y actividades comunitarias en distintas regiones del país, consolidando una cultura",gente tvn|TVN Media|Día de las Buenas Acciones
N-a1bb75d2bb,Voces femeninas comparten liderazgo y experiencias en encuentro de Speed Mentoring de TVN,https://www.tvn-2.com/nacionales/voces-femeninas-comparten-liderazgo-experiencias-encuentro-de-speed-mentoring-de-tvn_1_2230766.html,tvn-2.com,es,2026-03-07T23:01:00.000Z,,2026-10-06T22:50:47.899Z,,tvn_rss,titular+descripcion,"El encuentro de Speed Mentoring permitió generar conversaciones cercanas sobre decisiones difíciles, errores, liderazgo y equilibrio entre la vida personal y profesional.",Líderes|Día Internacional de la Mujer|mujeres
N-252abb4b5c,Colaboradores de TVN Media participan en voluntariado en beneficio de la Fundación Latidos,https://www.tvn-2.com/nacionales/colaboradores-tvn-media-participan-voluntariado_1_2230514.html,tvn-2.com,es,2026-03-06T00:00:00.000Z,,2026-10-06T22:50:47.899Z,,tvn_rss,titular+descripcion,"Edgard Rojas, de la Fundación Latidos, señaló que esta actividad es algo muy importante porque es un símbolo de valentía que se entrega a los niños con cardiopatía congénita que son operados.",TVN Media|Héroes por Panamá|fudnación latidos
N-c978b32af3,TVN encendió la fiesta y animó al público en 'Sabores de Colón',https://www.tvn-2.com/nacionales/tvn-media-encendio-fiesta-publico-sabores-de-colon_1_2229801.html,tvn-2.com,es,2026-03-02T00:29:43.000Z,,2026-10-06T22:50:47.899Z,,tvn_rss,titular+descripcion,"Durante el evento, talentos de TVN interactuaron con los asistentes mediante concursos, bailes y entrega de premios en efectivo, lo que mantuvo un ambiente festivo entre las familias que acudieron a la actividad gastronómica y cultural.",Provincia de Colón|TVN|Sabores de Colón
N-c41d9826e7,TVN Radio y TVMAX dan el 'Kick-Off' al Carnaval con una lluvia de regalos en vía Centenario,https://www.tvn-2.com/nacionales/tvn-radio-tvmax-dan-kick-carnaval_1_2227551.html,tvn-2.com,es,2026-02-13T23:13:59.000Z,,2026-10-06T22:50:47.899Z,,tvn_rss,titular+descripcion,"Con el objetivo de acompañar a su audiencia desde el primer kilómetro, las marcas líderes en comunicación transformaron este punto estratégico en una auténtica fiesta de carretera.",Carnaval|TVMAX Deportes|TVN Radio
N-2633a089af,TVN Media y el Carnaval de La Villa de Los Santos renuevan su alianza estratégica,https://www.tvn-2.com/nacionales/tvn-media-carnaval-la-villa-de-los-santos-alianza_1_2225701.html,tvn-2.com,es,2026-02-02T18:40:15.000Z,,2026-10-06T22:50:47.899Z,,tvn_rss,titular+descripcion,"Con esta alianza,
TVN Media y el Carnaval de la Villa de Los Santos
apuestan a seguir posicionando esta celebración como un referente cultural y turístico a nivel nacional.",Carnaval|TVN Media|acuerdo|La Villa de Los Santos
N-d044d66340,TVN Media y la Feria de La Chorrera firman alianza estratégica,https://www.tvn-2.com/videos/noticias/video-tvn-media-feria-chorrera-firman_8_2225013.html,tvn-2.com,es,2026-01-29T01:16:20.000Z,,2026-10-06T22:50:47.899Z,,tvn_rss,titular,,TVN Media|Feria de La Chorrera
N-161fbba3b4,"TVN Media dice presente en la Teletón 20-30 con una donación de 100,000 dólares",https://www.tvn-2.com/nacionales/tvn-media-dice-presente-teleton-100-mil-dolares_1_2218658.html,tvn-2.com,es,2025-12-14T00:09:23.000Z,,2026-10-06T22:50:47.899Z,,tvn_rss,titular+descripcion,"Sociedad, medio ambiente y gobernanza son los tres pilares que guían el compromiso de TVN Media.",teletón|Teletón 20-30|TVN Media
N-06b2e11acf,TVN Noticias gana dos categorías del premio de Periodismo sobre Niñez y Adolescencia 2025,https://www.tvn-2.com/nacionales/periodista-claudya-carolina-morales-yenny-caballero-periodismo-sobre-ninez-y-adolescencia-ganador_1_2218367.html,tvn-2.com,es,2025-12-11T19:12:00.000Z,,2026-10-06T22:50:47.899Z,,tvn_rss,titular+descripcion,"El
Fondo de las Naciones Unidas para la Infancia (Unicef), junto al Centro Latinoamericano de Periodismo (Celap)
,
busca promover y motivar a los periodistas y medios a generar más espacios editoriales y contenidos para crear conciencia en torno a lo",Unicef|premio|Periodismo|Embarazos en adolecentes
N-fb0c1811da,TVN Media refuerza su compromiso social con jornada de voluntariado en el Banco de Alimentos,https://www.tvn-2.com/nacionales/tvn-media-refuerza-compromiso-social_1_2217708.html,tvn-2.com,es,2025-12-06T01:42:12.000Z,,2026-10-06T22:50:47.899Z,,tvn_rss,titular+descripcion,"Cada 5 de diciembre se celebra el Día Internacional del Voluntariado, una fecha destinada a promover y reconocer el aporte significativo de quienes dan su tiempo y esfuerzo sin esperar nada a cambio.",TVN Media|Día Internacional del Voluntario|Banco de Alimentos Panamá
N-46019d8f01,TVN Media arrasa en los Premios Excelencia en la gala 'Los Faroles',https://www.tvn-2.com/nacionales/tvn-media-arrasa-premios-victoria-universidad-de-panama_1_2217570.html,tvn-2.com,es,2025-12-05T12:28:16.000Z,,2026-10-06T22:50:47.899Z,,tvn_rss,titular+descripcion,"Los Premios Excelencia en la Comunicación, buscan resaltar el talento de profesionales, productores y comunicadores panameños, y se han consolidado como un espacio académico que impulsa la calidad en los medios desde hace más de dos décadas.",premios excelencia|Universidad de Panamá|Producción Nacional
N-2414d32a0c,TVN Media reafirma alianza con la Teletón 20-30,https://www.tvn-2.com/nacionales/tvn-media-reafirma-alianza-teleton-20-30_1_2214825.html,tvn-2.com,es,2025-11-13T21:11:59.000Z,,2026-10-06T22:50:47.899Z,,tvn_rss,titular+descripcion,"La Teletón 20-30 celebrará sus
40 años
de trayectoria en la edición de
2025
.",Teletón 20-30|TVN Media|Proyectos|Panamá
N-4442509ea8,Conape reconoce la trayectoria de periodistas de TVN Media,https://www.tvn-2.com/nacionales/conape-reconoce-trayectoria-periodistas-tvn-media_1_2215048.html,tvn-2.com,es,2025-11-15T01:39:04.000Z,,2026-10-06T22:50:47.899Z,,tvn_rss,titular,,conape|Periodistas|colegio de periodista
N-4217201d5e,"Héroes por Panamá culminan su diplomado en Servicio, Liderazgo y Transformación Social",https://www.tvn-2.com/nacionales/heroes-por-panama-culminan-diplomado-servicio-liderazgo-transformacion_1_2212969.html,tvn-2.com,es,2025-10-30T00:42:53.000Z,,2026-10-06T22:50:47.899Z,,tvn_rss,titular+descripcion,"Este esfuerzo conjunto entre la
USMA y TVN Media
representa mucho más que un espacio académico. Es un puente entre la experiencia educativa y la proyección que ofrecen los medios de comunicación.",TVN Media|educación|Héroes por Panamá|USMA
N-d204a18046,TVN Media firma convenio como medio oficial del Concurso Nacional de Oratoria 2025,https://www.tvn-2.com/nacionales/tvn-media-firma-convenio-concurso-nacional-de-oratoria_1_2212606.html,tvn-2.com,es,2025-10-28T02:00:44.000Z,,2026-10-06T22:50:47.899Z,,tvn_rss,titular+descripcion,"Este año, bajo el lema “
Alfabetización constitucional: el poder de la juventud en la construcción de una nueva constitución para el Panamá que soñamos
”.",TVN Media|Convenio|Ministerio de Educación|Concurso Nacional de Oratoria
N-88979dcfc4,Documental Panamá Reseñas de Nuestra Identidad llega al cine,https://www.tvn-2.com/nacionales/documental-panama-llega-pantalla-grande-cine-tvn-media_1_2212034.html,tvn-2.com,es,2025-10-23T21:33:32.000Z,,2026-10-06T22:50:47.899Z,,tvn_rss,titular+descripcion,Las tres historias ganadoras se presentarán a partir del 16 de noviembre en TVN Canal 2 y sus plataformas.,Documental Panamá|TVN Media|Cultura|Panamá
N-9dd7819ef8,TVN Media y DIRCOM Panamá se unen para fortalecer la voz de los Héroes por Panamá,https://www.tvn-2.com/nacionales/tvn-media-dircom-panama-unen_1_2211616.html,tvn-2.com,es,2025-10-21T17:48:33.000Z,,2026-10-06T22:50:47.899Z,,tvn_rss,titular,,TVN Media|Héroes por Panamá|Convenio
N-2889c603d1,"TVN Media se consolida en primer lugar como medio de comunicación con mejor reputación en Panamá, según Merco 2025",https://www.tvn-2.com/nacionales/tvn-media-nuevamente-consolida-empresas-mejor-reputacion_1_2211002.html,tvn-2.com,es,2025-10-17T02:44:03.000Z,,2026-10-06T22:50:47.899Z,,tvn_rss,titular+descripcion,"El Monitor Empresarial de Reputación Corporativa (Merco), creado en el año 2000, se ha convertido en una referencia internacional al medir la percepción y confianza que generan las compañías entre directivos, expertos, trabajadores y el público en ge",TVN Media|Medios de comunicación|empresas
N-46cf66e97c,Pacífica Salud reafirma su compromiso con la calidad y seguridad del paciente con nuevas acreditaciones de Joint Commission International,https://www.tvn-2.com/economia/empresas/publirreportajes/pacifica-salud-reafirma-compromiso-calidad_1_2256763.html,tvn-2.com,es,2026-08-21T15:00:37.000Z,,2026-10-06T22:50:47.899Z,,tvn_rss,titular+descripcion,"Hospital Punta Pacífica alcanza por sexta la acreditación internacional, mientras que Pacífica Salud Costa del Este la obtiene por segunda ocasión.",hospitales|Salud|Vida saludable
N-7c8a56c238,Costa Coffee se expande a Panamá con dos nuevas tiendas operadas por el socio franquiciado Grupo Maritanos,https://www.tvn-2.com/economia/empresas/publirreportajes/costa-coffee-expande-panama-nuevas_1_2256771.html,tvn-2.com,es,2026-08-21T15:41:33.000Z,,2026-10-06T22:50:47.899Z,,tvn_rss,titular+descripcion,La marca trae su icónica mezcla Mocha Italia y más de 50 años de experiencia cafetera a uno de los mercados más dinámicos de América Latina.,estrenos|aperturas|lanzamientos
N-0edf42b262,BYD y Cofiño presentan oficialmente el nuevo TI 7 en Panamá,https://www.tvn-2.com/economia/empresas/publirreportajes/byd-cofino-presentan-oficialmente-nuevo_1_2256978.html,tvn-2.com,es,2026-08-25T15:28:18.000Z,,2026-10-06T22:50:47.899Z,,tvn_rss,titular+descripcion,"El SUV súper híbrido, que da paso a una nueva categoría en movilidad de nuevas energías y fortalece la oferta de movilidad electrificada de la marca en el país.",lanzamiento|auto|nuevos
N-7786b2d429,"Tu Banco, tu Istmo: Banistmo presenta nueva identidad como parte del Grupo Financiero BSC",https://www.tvn-2.com/economia/empresas/publirreportajes/banco-istmo-banistmo-presenta-nueva_1_2258123.html,tvn-2.com,es,2026-08-28T18:15:25.000Z,,2026-10-06T22:50:47.899Z,,tvn_rss,titular+descripcion,"Banistmo inicia una nueva etapa en su historia con la presentación de una identidad de marca que busca reflejar su evolución como institución financiera y, al mismo tiempo, fortalecer el vínculo que ha construido con Panamá durante más de cinco décad",Bancos|Banco|Bancos en Panamá
N-2dfc3b7676,La perpetuidad que se pudo derrotar : la utopía realizada,https://www.prensa.com/politica/la-perpetuidad-que-se-pudo-derrotar-la-utopia-realizada/,prensa.com,es,,2026-09-07T07:15:00Z,2026-10-06T22:50:47.899Z,,gdelt_doc,titular,,
N-b0e5e9c292,Panamá aterriza en Tokio para disputar la Copa Kirin 2026,https://www.prensa.com/deportes/panama-aterriza-en-tokio-para-disputar-la-copa-kirin-2026/,prensa.com,es,,2026-09-28T18:45:00Z,2026-10-06T22:50:47.899Z,,gdelt_doc,titular,,
N-770cb052ef,MIDES alfabetiza a más de 4 mil personas en Panamá en solo 26 meses con  Muévete por Panamá,https://www.midiario.com/nacionales/mas-de-2500-mujeres-aprendieron-a-leer-y-escribir-con-muevete-por-panama/,midiario.com,es,,2026-09-08T19:00:00Z,2026-10-06T22:50:47.899Z,,gdelt_doc,titular,,
N-57fc362ba1,Los Santos y Panamá Oeste jugarán la final del béisbol sub - 10,https://www.laestrella.com.pa/deportes/beisbol/los-santos-y-panama-oeste-jugaran-la-final-del-beisbol-sub-10-GA25615399,laestrella.com.pa,es,,2026-09-12T01:30:00Z,2026-10-06T22:50:47.899Z,,gdelt_doc,titular,,
N-6d9e2731be,"HEINEKEN Panamá , Anunciante Más Efectivo del Año , conquista el gran Effie y suma un oro , un plata y un bronce | La Prensa Panamá",https://www.prensa.com/contenido-de-marcas/heineken-panama-anunciante-mas-efectivo-del-ano-conquista-el-gran-effie-y-suma-un-oro-un-plata-y-un-bronce/,prensa.com,es,,2026-09-29T07:30:00Z,2026-10-06T22:50:47.899Z,,gdelt_doc,titular,,
N-23c7a69cb1,Panamá celebra a Santa María la Antigua,https://www.midiario.com/nacionales/panama-celebra-a-santa-maria-la-antigua/,midiario.com,es,,2026-09-09T23:30:00Z,2026-10-06T22:50:47.899Z,,gdelt_doc,titular,,
N-5b563cce07,"Senador John Curtis , del Subcomité del Hemisferio Occidental , pide a Panamá fortalecer sus vínculos con Taiwán",https://www.laestrella.com.pa/mundo/america/senador-john-curtis-del-subcomite-del-hemisferio-occidental-pide-a-panama-fortalecer-sus-vinculos-con-taiwan-IE25563946,laestrella.com.pa,es,,2026-09-10T02:00:00Z,2026-10-06T22:50:47.899Z,,gdelt_doc,titular,,
N-b31e00266a,"Fallece Dagoberto Yin Carrizo , acordeonista y compositor de la música típica panameña",https://www.telemetro.com/nacionales/fallece-dagoberto-yin-carrizo-acordeonista-y-compositor-la-musica-tipica-panamena-n6091026,telemetro.com,es,,2026-09-07T18:30:00Z,2026-10-06T22:50:47.899Z,,gdelt_doc,titular,,
N-c58c1428f3,Decir yo soy de Panamá era una cosa tremenda : Mariana España destaca en India y alcanzó el primer lugar,https://www.telemetro.com/nacionales/decir-yo-soy-panama-era-una-cosa-tremenda-mariana-espana-destaca-india-y-alcanzo-el-primer-lugar-n6093431,telemetro.com,es,,2026-09-29T22:00:00Z,2026-10-06T22:50:47.899Z,,gdelt_doc,titular,,
N-cbb8a6d322,Metro de Panamá y Doppelmayr firman contrato para construir el Teleférico de Panamá y San Miguelito,https://www.laestrella.com.pa/panama/nacional/metro-de-panama-y-doppelmayr-firman-contrato-para-construir-el-teleferico-de-panama-y-san-miguelito-JB26057781,laestrella.com.pa,es,,2026-09-28T23:30:00Z,2026-10-06T22:50:47.899Z,,gdelt_doc,titular,,
N-2d7bab7f2d,Thomas Christiansen explica su decisión de renovar como director técnico de Panamá,https://www.telemetro.com/nacionales/thomas-christiansen-explica-su-decision-renovar-como-director-tecnico-panama-n6091262,telemetro.com,es,,2026-09-09T19:15:00Z,2026-10-06T22:50:47.899Z,,gdelt_doc,titular,,
N-59d1dd2ef9,"Muere Dagoberto  Yin  Carrizo , ícono de la música típica panameña",https://www.laestrella.com.pa/vida-y-cultura/farandula/muere-dagoberto-yin-carrizo-icono-de-la-musica-tipica-panamena-GL25487515,laestrella.com.pa,es,,2026-09-07T17:30:00Z,2026-10-06T22:50:47.899Z,,gdelt_doc,titular,,
N-86da89b383,Familiares de los 7 panameños detenidos en Cuba lanzan contundente mensaje a Camino a la Democracia,https://www.telemetro.com/nacionales/familiares-los-7-panamenos-detenidos-cuba-lanzan-contundente-mensaje-camino-la-democracia-n6091383,telemetro.com,es,,2026-09-10T20:00:00Z,2026-10-06T22:50:47.899Z,,gdelt_doc,titular,,
N-d482eb5ede,Eurodiputado pide a la Unión Europea retirar la tarjeta amarilla a Panamá por pesca ilegal,https://www.laestrella.com.pa/economia/eurodiputado-pide-a-la-union-europea-retirar-la-tarjeta-amarilla-a-panama-por-pesca-ilegal-PB25602159,laestrella.com.pa,es,,2026-09-11T16:00:00Z,2026-10-06T22:50:47.899Z,,gdelt_doc,titular,,
N-3a54afaf51,"Ismael Laguna , el centro en la historia del boxeo panameño",https://www.critica.com.pa/deportes/ismael-laguna-el-centro-en-la-historia-del-boxeo-panameno-516065,critica.com.pa,es,,2026-09-09T09:45:00Z,2026-10-06T22:50:47.899Z,,gdelt_doc,titular,,
N-a09324885c,Escuela para Padres del MEDUCA : esta es la fecha para la provincia de Panamá,https://www.telemetro.com/nacionales/escuela-padres-del-meduca-esta-es-la-fecha-la-provincia-panama-n6091154,telemetro.com,es,,2026-09-08T23:00:00Z,2026-10-06T22:50:47.899Z,,gdelt_doc,titular,,
N-e55361c3d3,"Transición de mando en el Canal de Panamá , tras 49 años de la firma de los tratados Torrijos - Carter",https://www.telemetro.com/nacionales/transicion-mando-el-canal-panama-49-anos-la-firma-los-tratados-torrijos-carter-n6090958,telemetro.com,es,,2026-09-07T04:15:00Z,2026-10-06T22:50:47.899Z,,gdelt_doc,titular,,
N-fb34246c71,Andrés Andrade hace historia : es el tercer panameño en jugar la Champions League,https://www.midiario.com/deportivas/andres-andrade-hace-historia-es-el-tercer-panameno-en-jugar-la-champions-league/,midiario.com,es,,2026-09-08T19:00:00Z,2026-10-06T22:50:47.899Z,,gdelt_doc,titular,,
N-4c8444d9af,Lluvia de carreras y triunfos clave en la fecha del Béisbol Sub - 10,https://www.laestrella.com.pa/deportes/beisbol/lluvia-de-carreras-y-triunfos-clave-en-la-fecha-del-beisbol-sub-10-HE25563411,laestrella.com.pa,es,,2026-09-10T02:00:00Z,2026-10-06T22:50:47.899Z,,gdelt_doc,titular,,
N-8a9392d9bb,Fenómeno de El Niño amenaza la logística de Panamá,https://www.prensa.com/economia/fenomeno-de-el-nino-amenaza-la-logistica-de-panama/,prensa.com,es,,2026-09-07T21:30:00Z,2026-10-06T22:50:47.899Z,,gdelt_doc,titular,,
N-3be56ea08c,Más allá del 7 de septiembre : 74 años de construcción de soberanía sobre el Canal,https://www.prensa.com/opinion/mas-alla-del-7-de-septiembre-74-anos-de-construccion-de-soberania-sobre-el-canal/,prensa.com,es,,2026-09-07T02:15:00Z,2026-10-06T22:50:47.899Z,,gdelt_doc,titular,,
N-b17594c472,Panamá perdió la trazabilidad de su educación al no participar en PISA 2025,https://www.prensa.com/sociedad/panama-perdio-la-trazabilidad-de-su-educacion-al-no-participar-en-pisa-2025/,prensa.com,es,,2026-09-09T15:30:00Z,2026-10-06T22:50:47.899Z,,gdelt_doc,titular,,
N-b791be9e74,Muere Cristóbal  Toby  Muñoz,https://www.midiario.com/farandula/muere-cristobal-toby-munoz/,midiario.com,es,,2026-09-30T19:00:00Z,2026-10-06T22:50:47.899Z,,gdelt_doc,titular,,
N-e017b47c91,Thomas Christiansen aprieta el paso y Panamá ya piensa en el Kirin Cup,https://www.midiario.com/deportivas/thomas-christiansen-aprieta-el-paso-y-panama-ya-piensa-en-el-kirin-cup/,midiario.com,es,,2026-09-27T05:15:00Z,2026-10-06T22:50:47.899Z,,gdelt_doc,titular,,
N-42ee5f7b20,Panamá conquista los Juegos Codicader con 72 medallas de oro,https://www.prensa.com/deportes/panama-conquista-los-juegos-codicader-con-72-medallas-de-oro/,prensa.com,es,,2026-09-13T04:15:00Z,2026-10-06T22:50:47.899Z,,gdelt_doc,titular,,
N-0c3eb88c2e,"Fallece María  Toto  Murillo , histórica formadora del boxeo panameño",https://www.midiario.com/deportivas/fallece-maria-toto-murillo-historica-formadora-del-boxeo-panameno/,midiario.com,es,,2026-09-09T18:30:00Z,2026-10-06T22:50:47.899Z,,gdelt_doc,titular,,
N-a1f0dcdc1d,Pedro Morilla Pineda liderará el desarrollo juvenil del fútbol panameño,https://www.prensa.com/deportes/pedro-morilla-pineda-liderara-el-desarrollo-juvenil-del-futbol-panameno/,prensa.com,es,,2026-09-09T02:00:00Z,2026-10-06T22:50:47.899Z,,gdelt_doc,titular,,
N-fda86b0333,Panamá afina su arma contra el poderío aéreo de Nueva Zelanda,https://www.midiario.com/deportivas/panama-afina-su-arma-contra-el-poderio-aereo-de-nueva-zelanda/,midiario.com,es,,2026-09-30T19:00:00Z,2026-10-06T22:50:47.899Z,,gdelt_doc,titular,,
N-8194352bfc,Pedro Morilla Pineda liderará el desarrollo juvenil del fútbol panameño,https://www.midiario.com/deportivas/pedro-morilla-pineda-liderara-el-desarrollo-juvenil-del-futbol-panameno/,midiario.com,es,,2026-09-09T23:30:00Z,2026-10-06T22:50:47.899Z,,gdelt_doc,titular,,
N-ba608cd02b,Acciones de First Quantum Minerals registran fuerte volatilidad tras informe que recomienda cierre ordenado de la mina de Donoso,https://www.prensa.com/economia/first-quantum-dispuesta-a-negociar-con-el-gobierno-sobre-el-futuro-de-la-mina/,prensa.com,es,,2026-09-30T22:45:00Z,2026-10-06T22:50:47.899Z,,gdelt_doc,titular,,
N-7c4cd55fac,Cinco grandes bancos e inversionistas muestran apetito por Panamá,https://www.laestrella.com.pa/economia/cinco-grandes-bancos-e-inversionistas-muestran-apetito-por-panama-NC26061639,laestrella.com.pa,es,,2026-09-29T07:30:00Z,2026-10-06T22:50:47.899Z,,gdelt_doc,titular,,
N-923ed2efe9,Thomas Christiansen seguirá al frente de Panamá hasta 2030,https://www.prensa.com/deportes/thomas-christiansen-seguira-al-frente-de-panama-hasta-2030/,prensa.com,es,,2026-09-09T02:00:00Z,2026-10-06T22:50:47.899Z,,gdelt_doc,titular,,
N-69fa3c933c,Thomas Christiansen seguirá al frente de Panamá hasta 2030,https://www.midiario.com/deportivas/thomas-christiansen-seguira-al-frente-de-panama-hasta-2030/,midiario.com,es,,2026-09-09T23:30:00Z,2026-10-06T22:50:47.899Z,,gdelt_doc,titular,,
N-9574f7ec89,"Los Santos , Metro y Oeste triunfan en el Nacional de Béisbol Sub - 10",https://www.laestrella.com.pa/deportes/beisbol/los-santos-metro-y-oeste-triunfan-en-el-nacional-de-beisbol-sub-10-OB25533269,laestrella.com.pa,es,,2026-09-09T02:15:00Z,2026-10-06T22:50:47.899Z,,gdelt_doc,titular,,
N-4668827de6,Motta Orillac Advisors y OneSource se unen para impulsar la competitividad de las empresas panameñas | La Prensa Panamá,https://www.prensa.com/contenido-de-marcas/motta-orillac-advisors-y-onesource-se-unen-para-impulsar-la-competitividad-de-las-empresas-panamenas/,prensa.com,es,,2026-09-07T07:15:00Z,2026-10-06T22:50:47.899Z,,gdelt_doc,titular,,
N-4ab9f5e2d8,Último adiós a Yin Carrizo : Detalles de sus honras fúnebres entre la capital y Ocú ; y la verdad detrás de  Lucy querida  y  Viva Panamá,https://www.prensa.com/vivir/ultimo-adios-a-yin-carrizo-detalles-de-sus-honras-funebres-entre-la-capital-y-ocu-y-la-verdad-detras-de-lucy-querida-y-viva-panama/,prensa.com,es,,2026-09-07T21:30:00Z,2026-10-06T22:50:47.899Z,,gdelt_doc,titular,,
N-f40421c808,Segundo embarque de concentrado de cobre de Cobre Panamá saldrá hacia India este viernes,https://www.prensa.com/economia/segundo-embarque-de-concentrado-de-cobre-de-cobre-panama-saldra-hacia-india-este-viernes/,prensa.com,es,,2026-09-11T00:45:00Z,2026-10-06T22:50:47.899Z,,gdelt_doc,titular,,
N-095be98135,First Quantum se abre a negociar  de buena fe  con Panamá el futuro de Cobre Panamá,https://www.diaadia.com.pa/el-pais/first-quantum-se-abre-negociar-de-buena-fe-con-panama-el-futuro-de-cobre-panama-791814,diaadia.com.pa,es,,2026-10-01T00:30:00Z,2026-10-06T22:50:47.899Z,,gdelt_doc,titular,,
N-9a7a728f74,Más luto en el boxeo panameño : Fallece la reconocida entrenadora María  Toto  Murillo,https://www.prensa.com/deportes/mas-luto-en-el-boxeo-panameno-fallece-la-reconocida-entrenadora-y-activista-maria-toto-murillo/,prensa.com,es,,2026-09-09T15:30:00Z,2026-10-06T22:50:47.899Z,,gdelt_doc,titular,,
N-4d273568e1,"Entre lágrimas y violines , Ocú le dio el último adiós a Yin Carrizo",https://www.critica.com.pa/nacional/entre-lagrimas-y-violines-ocu-le-dio-el-ultimo-adios-yin-carrizo-516225,critica.com.pa,es,,2026-09-11T19:30:00Z,2026-10-06T22:50:47.899Z,,gdelt_doc,titular,,
N-2283529481,Dengue no da tregua en Panamá : ya suma 17 muertos y más de 7 mil casos,https://www.midiario.com/nacionales/dengue-no-da-tregua-en-panama-ya-suma-17-muertos-y-mas-de-7-mil-casos/,midiario.com,es,,2026-09-09T23:30:00Z,2026-10-06T22:50:47.899Z,,gdelt_doc,titular,,
N-51fcf784f9,¿ Qué busca Francia en Panamá ? El Canal y nuevas oportunidades de inversión,https://www.laestrella.com.pa/economia/que-busca-francia-en-panama-el-canal-y-nuevas-oportunidades-de-inversion-LC25638650,laestrella.com.pa,es,,2026-09-13T05:30:00Z,2026-10-06T22:50:47.899Z,,gdelt_doc,titular,,
N-f9ffdcc89f,La bandera de Panamá llegó a 6 mil 263 metros : el cabo que llegó a la cima del Chimborazo,https://www.midiario.com/nacionales/la-bandera-de-panama-llego-a-6-mil-263-metros-el-cabo-que-llego-a-la-cima-del-chimborazo/,midiario.com,es,,2026-09-27T19:45:00Z,2026-10-06T22:50:47.899Z,,gdelt_doc,titular,,
N-373c2536c4,Gobierno evalúa reducir a un año el internado para médicos y contratar a extranjeros,https://www.telemetro.com/nacionales/gobierno-evalua-reducir-un-ano-el-internado-medicos-y-contratar-extranjeros-n6091419,telemetro.com,es,,2026-09-11T01:00:00Z,2026-10-06T22:50:47.899Z,,gdelt_doc,titular,,
N-da1e1a00ee,Christiansen renueva oficialmente con Panamá,https://www.critica.com.pa/deportes/christiansen-renueva-oficialmente-con-panama-516071,critica.com.pa,es,,2026-09-09T12:15:00Z,2026-10-06T22:50:47.899Z,,gdelt_doc,titular,,
N-0acf4fde78,El año en que 10 panameños coincidieron en las Grandes Ligas,https://www.prensa.com/deportes/el-ano-en-que-10-panamenos-coincidieron-en-las-grandes-ligas/,prensa.com,es,,2026-09-07T21:30:00Z,2026-10-06T22:50:47.899Z,,gdelt_doc,titular,,
N-7e81b5cc41,Día de luto para el boxeo panameño : muere María Toto Murillo,https://www.telemetro.com/deportes/dia-luto-el-boxeo-panameno-muere-maria-toto-murillo-n6091219,telemetro.com,es,,2026-09-09T16:15:00Z,2026-10-06T22:50:47.899Z,,gdelt_doc,titular,,
N-52f78c6afa,"La Asamblea Nacional estrecha vínculos con Taiwán , mientras Mulino marca distancia",https://www.prensa.com/politica/la-asamblea-estrecha-vinculos-con-taiwan-y-mulino-marca-distancia/,prensa.com,es,,2026-09-09T02:00:00Z,2026-10-06T22:50:47.899Z,,gdelt_doc,titular,,
N-d41e9aa9b8,Ricaurte Vásquez se despide del Canal defendiendo río Indio y la neutralidad,https://www.prensa.com/economia/ricaurte-vasquez-se-despide-del-canal-defendiendo-rio-indio-y-la-neutralidad/,prensa.com,es,,2026-09-07T21:30:00Z,2026-10-06T22:50:47.899Z,,gdelt_doc,titular,,
N-b27639977d,La película CHICHERO representará a Panamá en los Goya 2027 y buscará una nominación al Óscar,https://www.telemetro.com/entretenimiento/la-pelicula-chichero-representara-panama-los-goya-2027-y-buscara-una-nominacion-al-oscar-n6091573,telemetro.com,es,,2026-09-12T19:15:00Z,2026-10-06T22:50:47.899Z,,gdelt_doc,titular,,
N-03c20aae88,Detienen en Panamá a tres dominicanos acusados de reclutar personas para guerra en Ucrania,https://www.diaadia.com.pa/el-pais/detienen-en-panama-tres-dominicanos-acusados-de-reclutar-personas-para-guerra-en-ucrania,diaadia.com.pa,es,,2026-09-27T01:00:00Z,2026-10-06T22:50:47.899Z,,gdelt_doc,titular,,
N-f0d65d2ced,Cobre Panamá : Gobierno entrega hoy informe a Mulino y se conocerá el futuro de la mina,https://www.telemetro.com/nacionales/cobre-panama-gobierno-entrega-hoy-informe-mulino-y-se-conocera-el-futuro-la-mina-n6093504,telemetro.com,es,,2026-09-30T13:45:00Z,2026-10-06T22:50:47.899Z,,gdelt_doc,titular,,
N-1be6a0cb39,Ministro de Educación remarca que Panamá participará en la próxima prueba PISA,https://www.telemetro.com/nacionales/ministro-educacion-remarca-que-panama-participara-la-proxima-prueba-pisa-n6091312,telemetro.com,es,,2026-09-10T05:00:00Z,2026-10-06T22:50:47.899Z,,gdelt_doc,titular,,
N-ec065e8639,Panamá pone la mira en Nueva Zelanda tras cerrar su preparación en India,https://www.prensa.com/deportes/panama-pone-la-mira-en-nueva-zelanda-tras-cerrar-su-preparacion-en-india/,prensa.com,es,,2026-09-27T19:00:00Z,2026-10-06T22:50:47.899Z,,gdelt_doc,titular,,
N-1bb9804068,Cooperativas del mundo ponen sus ojos en Panamá,https://www.critica.com.pa/nacional/cooperativas-del-mundo-ponen-sus-ojos-en-panama-517274,critica.com.pa,es,,2026-09-30T18:00:00Z,2026-10-06T22:50:47.899Z,,gdelt_doc,titular,,
N-129961f0b9,Convenio Herrán - Cass : el inicio de las ambiciones de EE . UU . sobre Panamá,https://www.laestrella.com.pa/panama/publicando-historia/convenio-herran-cass-el-inicio-de-las-ambiciones-de-ee-uu-sobre-panama-EB25605463,laestrella.com.pa,es,,2026-09-13T05:30:00Z,2026-10-06T22:50:47.899Z,,gdelt_doc,titular,,
N-f49a4ebaa8,Los 33 se fueron a Argentina y dejaron al rock panameño grabado en estudios históricos,https://www.midiario.com/farandula/los-33-se-fueron-a-argentina-y-dejaron-al-rock-panameno-grabado-en-estudios-historicos/,midiario.com,es,,2026-09-12T17:15:00Z,2026-10-06T22:50:47.899Z,,gdelt_doc,titular,,
N-5d4eab81fb,Moody evalúa si Panamá conservará el grado de inversión este año,https://www.critica.com.pa/nacional/moodys-evalua-si-panama-conservara-el-grado-de-inversion-este-ano-516063,critica.com.pa,es,,2026-09-09T03:30:00Z,2026-10-06T22:50:47.899Z,,gdelt_doc,titular,,
N-b795cf02d3,Clima en Panamá : Pronóstico para este viernes 11 de septiembre,https://www.laestrella.com.pa/panama/informacion-util/clima-en-panama-pronostico-para-este-viernes-11-de-septiembre-DL25598658,laestrella.com.pa,es,,2026-09-11T11:30:00Z,2026-10-06T22:50:47.899Z,,gdelt_doc,titular,,
N-dc3ee92b7d,Ilya Espino de Marotta identifica los retos de administrar el Canal de Panamá,https://www.telemetro.com/nacionales/ilya-espino-marotta-identifica-los-retos-administrar-el-canal-panama-n6091036,telemetro.com,es,,2026-09-07T23:00:00Z,2026-10-06T22:50:47.899Z,,gdelt_doc,titular,,
N-f8ed41e051,"Ismael Laguna , el Tigre de Colón que llevó al boxeo panameño a la gloria",https://www.prensa.com/deportes/ismael-laguna-el-tigre-de-colon-que-llevo-al-boxeo-panameno-a-la-gloria/,prensa.com,es,,2026-09-09T02:00:00Z,2026-10-06T22:50:47.899Z,,gdelt_doc,titular,,
N-8c6910782e,De coalición a partido,https://www.prensa.com/opinion/de-coalicion-a-partido/,prensa.com,es,,2026-09-09T02:00:00Z,2026-10-06T22:50:47.899Z,,gdelt_doc,titular,,
N-3e1ddd64d7,"Ismael Laguna , el Tigre de Colón que llevó al boxeo panameño a la gloria",https://www.midiario.com/deportivas/ismael-laguna-el-tigre-de-colon-que-llevo-al-boxeo-panameno-a-la-gloria/,midiario.com,es,,2026-09-09T23:30:00Z,2026-10-06T22:50:47.899Z,,gdelt_doc,titular,,
N-d0a576a6cb,Panamá y Qatar estrechan lazos con la mira puesta en energía y negocios,https://www.critica.com.pa/sucesos/panama-y-qatar-estrechan-lazos-con-la-mira-puesta-en-energia-y-negocios-517304,critica.com.pa,es,,2026-10-01T02:00:00Z,2026-10-06T22:50:47.899Z,,gdelt_doc,titular,,
N-e3203b5d5c,China reacciona al acercamiento de diputados de la Asamblea Nacional con Taiwán,https://www.laestrella.com.pa/mundo/china-reacciona-al-acercamiento-de-diputados-de-la-asamblea-nacional-con-taiwan-BB25538485,laestrella.com.pa,es,,2026-09-09T02:15:00Z,2026-10-06T22:50:47.899Z,,gdelt_doc,titular,,
N-9bd04265eb,Escuela para Padres 2026 : estas son las fechas y horarios anunciados por Meduca,https://www.laestrella.com.pa/panama/informacion-util/escuela-para-padres-2026-estas-son-las-fechas-y-horarios-anunciados-por-meduca-ND25518731,laestrella.com.pa,es,,2026-09-08T17:15:00Z,2026-10-06T22:50:47.899Z,,gdelt_doc,titular,,
N-9df38f83b1,First Quantum abre la puerta al diálogo por Cobre Panamá tras informe,https://www.critica.com.pa/nacional/first-quantum-abre-la-puerta-al-dialogo-por-cobre-panama-tras-informe-517286,critica.com.pa,es,,2026-09-30T22:15:00Z,2026-10-06T22:50:47.899Z,,gdelt_doc,titular,,
N-1cbd644225,El sector pesquero panameño se consolida como el principal motor de exportación,https://www.laestrella.com.pa/economia/el-sector-pesquero-panameno-se-consolida-como-el-principal-motor-de-exportacion-FK25499950,laestrella.com.pa,es,,2026-09-07T22:00:00Z,2026-10-06T22:50:47.899Z,,gdelt_doc,titular,,
N-8c998136ed,Es hora de sacar a Panamá de la lista fiscal de la Unión Europea,https://www.laestrella.com.pa/panama/nacional/pellentesque-convallis-placerat-OC26063049,laestrella.com.pa,es,,2026-09-29T07:30:00Z,2026-10-06T22:50:47.899Z,,gdelt_doc,titular,,
N-b8d6f957ca,Panamá busca atraer inversión de Texas en sectores estratégicos,https://www.laestrella.com.pa/economia/panama-busca-atraer-inversion-de-texas-en-sectores-estrategicos-PE26117954,laestrella.com.pa,es,,2026-09-30T21:45:00Z,2026-10-06T22:50:47.899Z,,gdelt_doc,titular,,
N-25cfea7fae,El ministro de Comercio de Francia visita el lunes Panamá con su Canal como prioridad,https://www.diaadia.com.pa/el-pais/el-ministro-de-comercio-de-francia-visita-el-lunes-panama-con-su-canal-como-prioridad,diaadia.com.pa,es,,2026-09-11T22:45:00Z,2026-10-06T22:50:47.899Z,,gdelt_doc,titular,,
N-6763bc963d,Guerra en Ucrania : ordenan detención provisional de tres dominicanos por presunto reclutamiento,https://www.telemetro.com/nacionales/guerra-ucrania-ordenan-detencion-provisional-tres-dominicanos-presunto-reclutamiento-n6093152,telemetro.com,es,,2026-09-27T15:45:00Z,2026-10-06T22:50:47.899Z,,gdelt_doc,titular,,
N-40164be60f,Fundación Rescate de Alimentos es la protagonista de la Gala de Bristol 2026,https://www.laestrella.com.pa/vida-y-cultura/cultura/fundacion-rescate-de-alimentos-es-la-protagonista-de-la-gala-de-bristol-2026-GC25636734,laestrella.com.pa,es,,2026-09-13T05:30:00Z,2026-10-06T22:50:47.899Z,,gdelt_doc,titular,,
N-7bfe62a1b5,Thomas Christiansen seguirá con la selección de Panamá hasta el 2030,https://www.laestrella.com.pa/deportes/futbol/thomas-christiansen-seguira-con-la-seleccion-de-panama-hasta-el-2030-NB25534988,laestrella.com.pa,es,,2026-09-09T02:15:00Z,2026-10-06T22:50:47.899Z,,gdelt_doc,titular,,
N-022a095e81,"Fallece Cristóbal  Toby  Muñoz , figura destacada de la música panameña",https://www.laestrella.com.pa/vida-y-cultura/farandula/fallece-cristobal-toby-munoz-figura-destacada-de-la-musica-panamena-IF26108563,laestrella.com.pa,es,,2026-09-30T21:45:00Z,2026-10-06T22:50:47.899Z,,gdelt_doc,titular,,
N-b00e548642,Más de 4 mil panameños aprendieron a leer en 26 meses,https://www.critica.com.pa/nacional/mas-de-4-mil-panamenos-aprendieron-leer-en-26-meses-516032,critica.com.pa,es,,2026-09-08T20:15:00Z,2026-10-06T22:50:47.899Z,,gdelt_doc,titular,,
N-b1df70270a,Alias Dimax : Presunto cabecilla de oficina de cobros con sicarios de Cali estuvo preso en Panamá 48 meses con un nombre falso,https://www.prensa.com/judiciales/alias-dimax-cabecilla-de-oficina-de-cobros-de-cali-estuvo-preso-en-panama-48-meses-con-un-nombre-falso/,prensa.com,es,,2026-09-11T19:30:00Z,2026-10-06T22:50:47.899Z,,gdelt_doc,titular,,
N-8f672583d9,Incendio afecta al buque Min Jiang Kou en aguas del Pacífico de Panamá,https://www.laestrella.com.pa/panama/nacional/incendio-afecta-al-buque-min-jiang-kou-en-aguas-del-pacifico-de-panama-FB25535752,laestrella.com.pa,es,,2026-09-09T02:15:00Z,2026-10-06T22:50:47.899Z,,gdelt_doc,titular,,
N-b0ce058b2c,Panamá hacia la OCDE : ¿ qué gana y qué arriesga ?,https://www.laestrella.com.pa/economia/panama-hacia-la-ocde-que-gana-y-que-arriesga-CE25564969,laestrella.com.pa,es,,2026-09-10T06:15:00Z,2026-10-06T22:50:47.899Z,,gdelt_doc,titular,,
N-13354a7088,Urge inyectarle liquidez al sector productivo,https://www.prensa.com/opinion/urge-inyectarle-liquidez-al-sector-productivo/,prensa.com,es,,2026-09-08T02:30:00Z,2026-10-06T22:50:47.899Z,,gdelt_doc,titular,,
N-ba4eaee331,IMA anuncia agroferia este lunes : conoce los cuatro puntos donde se realizará,https://www.telemetro.com/nacionales/ima-anuncia-agroferia-este-lunes-conoce-los-cuatro-puntos-donde-se-realizara-n6093206,telemetro.com,es,,2026-09-28T15:15:00Z,2026-10-06T22:50:47.899Z,,gdelt_doc,titular,,
N-a733e46b67,Panamá : entre los parches y la costumbre de callar,https://www.prensa.com/opinion/panama-entre-los-parches-y-la-costumbre-de-callar/,prensa.com,es,,2026-09-09T20:15:00Z,2026-10-06T22:50:47.899Z,,gdelt_doc,titular,,
N-3b29169bd7,Andrade debutó a lo grande ; hoy juegan  Fulo  y Blackman,https://www.critica.com.pa/deportes/andrade-debuto-lo-grande-hoy-juegan-fulo-y-blackman-516066,critica.com.pa,es,,2026-09-09T09:45:00Z,2026-10-06T22:50:47.899Z,,gdelt_doc,titular,,
N-0619cbbc54,Chichero  representará a Panamá en la carrera a los Premios Oscar y Goya,https://www.critica.com.pa/show/chichero-representara-panama-en-la-carrera-los-premios-oscar-y-goya-516160,critica.com.pa,es,,2026-09-10T14:00:00Z,2026-10-06T22:50:47.899Z,,gdelt_doc,titular,,
N-27ff5eda50,CAMIPA pide reabrir Cobre Panamá y acabar con la incertidumbre,https://www.critica.com.pa/nacional/camipa-pide-reabrir-cobre-panama-y-acabar-con-la-incertidumbre-517141,critica.com.pa,es,,2026-09-28T17:15:00Z,2026-10-06T22:50:47.899Z,,gdelt_doc,titular,,
N-1c0c5b0f97,"Cuenca hidrográfica del canal , minería y agua potable",https://www.panamaamerica.com.pa/opinion/cuenca-hidrografica-del-canal-mineria-y-agua-potable-1266204,panamaamerica.com.pa,es,,2026-09-11T05:45:00Z,2026-10-06T22:50:47.899Z,,gdelt_doc,titular,,
N-3f858cc069,Silvio Guerra,https://www.panamaamerica.com.pa/opinion/silvio-guerra-1266204,panamaamerica.com.pa,es,,2026-09-11T13:45:00Z,2026-10-06T22:50:47.899Z,,gdelt_doc,titular,,
N-14ec60aefb,"Dengue da un respiro en Panamá , aunque Metropolitana y Colón siguen bajo presión",https://www.midiario.com/nacionales/dengue-da-un-respiro-en-panama-aunque-metropolitana-y-colon-siguen-bajo-presion/,midiario.com,es,,2026-09-27T05:15:00Z,2026-10-06T22:50:47.899Z,,gdelt_doc,titular,,
N-eed253a272,Las 5 noticias más importantes de Panamá y el mundo este 30 de septiembre,https://www.laestrella.com.pa/panama/nacional/las-5-noticias-mas-importantes-de-panama-y-el-mundo-este-30-de-septiembre-AH26121155,laestrella.com.pa,es,,2026-10-01T02:15:00Z,2026-10-06T22:50:47.899Z,,gdelt_doc,titular,,
N-f70c5c1416,Panamá confía en salir de la lista fiscal de la Unión Europea en octubre,https://www.laestrella.com.pa/economia/panama-confia-en-salir-de-la-lista-fiscal-de-la-union-europea-en-octubre-HC26061622,laestrella.com.pa,es,,2026-09-29T07:30:00Z,2026-10-06T22:50:47.899Z,,gdelt_doc,titular,,
N-f67f11ee94,"SUV para ciudad , familia o aventura : las opciones de JETOUR en Panamá | La Prensa Panamá",https://www.prensa.com/notas-de-prensa/suv-para-ciudad-familia-o-aventura-las-opciones-de-jetour-en-panama/,prensa.com,es,,2026-09-07T07:15:00Z,2026-10-06T22:50:47.899Z,,gdelt_doc,titular,,
N-db5f15748b,Luto en el boxeo panameño : muere el dos veces campeón mundial Ismael Laguna,https://www.laestrella.com.pa/deportes/boxeo/luto-en-el-boxeo-panameno-muere-el-dos-veces-campeon-mundial-ismael-laguna-KA25526873,laestrella.com.pa,es,,2026-09-08T22:00:00Z,2026-10-06T22:50:47.899Z,,gdelt_doc,titular,,
N-ada43626a9,BID Invest insta a Panamá a acelerar la reforma a la Ley del Mercado de Valores,https://www.laestrella.com.pa/economia/bid-invest-insta-a-panama-a-acelerar-la-reforma-a-la-ley-del-mercado-de-valores-JL25593947,laestrella.com.pa,es,,2026-09-11T06:15:00Z,2026-10-06T22:50:47.899Z,,gdelt_doc,titular,,
N-61bb11c53f,Mulino vuelve a marcar distancia tras otro acercamiento de la Asamblea Nacional con Taiwán,https://www.diaadia.com.pa/el-pais/mulino-vuelve-marcar-distancia-tras-otro-acercamiento-de-la-asamblea-nacional-con-taiwan,diaadia.com.pa,es,,2026-09-08T23:45:00Z,2026-10-06T22:50:47.899Z,,gdelt_doc,titular,,
N-eede718117,"Chichero , la apuesta de Panamá para los Óscar y los Goya",https://www.laestrella.com.pa/vida-y-cultura/cine/chichero-la-apuesta-de-panama-para-los-oscar-y-los-goya-EA25616983,laestrella.com.pa,es,,2026-09-12T06:30:00Z,2026-10-06T22:50:47.899Z,,gdelt_doc,titular,,
N-81599c3173,Nataly Delgado cuestiona que se diga que Panamá no tiene campeón mundial desde 2017,https://www.diaadia.com.pa/deportes/nataly-delgado-cuestiona-que-se-diga-que-panama-no-tiene-campeon-mundial-desde-2017-791537,diaadia.com.pa,es,,2026-09-10T18:15:00Z,2026-10-06T22:50:47.899Z,,gdelt_doc,titular,,
N-2a8a9250f2,"Fiestas Patrias 2026 : fechas , feriados y días de descanso en Panamá",https://www.telemetro.com/nacionales/fiestas-patrias-2026-fechas-feriados-y-dias-descanso-panama-n6093239,telemetro.com,es,,2026-09-28T16:15:00Z,2026-10-06T22:50:47.899Z,,gdelt_doc,titular,,
N-a2f88d45a0,Desperdicio de alimentos : Panamá aún desconoce la magnitud del problema,https://www.prensa.com/vivir/desperdicio-de-alimentos-panama-aun-desconoce-la-magnitud-del-problema/,prensa.com,es,,2026-09-29T07:30:00Z,2026-10-06T22:50:47.899Z,,gdelt_doc,titular,,
N-debdf325de,IMA anuncia Agroferias para este lunes 28 y martes 29 de septiembre,https://www.midiario.com/nacionales/ima-anuncia-agroferias-para-este-lunes-28-y-martes-29-de-septiembre/,midiario.com,es,,2026-09-27T19:45:00Z,2026-10-06T22:50:47.899Z,,gdelt_doc,titular,,
N-1683cae7ea,Recomiendan apertura de la mina de Cobre Panamá,https://www.critica.com.pa/nacional/recomiendan-apertura-de-la-mina-de-cobre-panama-517260,critica.com.pa,es,,2026-09-30T17:30:00Z,2026-10-06T22:50:47.899Z,,gdelt_doc,titular,,
N-3e0957b676,NASA realiza desde Panamá una misión para estudiar la atmósfera : así es la aeronave que sobrevuela la región,https://www.telemetro.com/nacionales/nasa-realiza-panama-una-mision-estudiar-la-atmosfera-asi-es-la-aeronave-que-sobrevuela-la-region-n6091390,telemetro.com,es,,2026-09-10T21:15:00Z,2026-10-06T22:50:47.899Z,,gdelt_doc,titular,,
N-d12e48ef75,Tratados Torrijos - Carter : 49 años del hito que devolvió el Canal a Panamá,https://www.panamaamerica.com.pa/politica/tratados-torrijos-carter-49-anos-del-hito-que-devolvio-el-canal-panama-1266048,panamaamerica.com.pa,es,,2026-09-07T16:45:00Z,2026-10-06T22:50:47.899Z,,gdelt_doc,titular,,
N-0995377ab4,"Yin Carrizo fallece a los 87 años , el maestro del acordeón que marcó la música panameña",https://www.diaadia.com.pa/fama/yin-carrizo-fallece-los-87-anos-el-maestro-del-acordeon-que-marco-la-musica-panamena-791490,diaadia.com.pa,es,,2026-09-07T18:45:00Z,2026-10-06T22:50:47.899Z,,gdelt_doc,titular,,
N-a677fff0b5,Fallece el maestro Cristóbal Toby Muñoz a los 82 años,https://www.prensa.com/vivir/fallece-el-maestro-cristobal-toby-munoz-a-los-82-anos/,prensa.com,es,,2026-09-30T18:45:00Z,2026-10-06T22:50:47.899Z,,gdelt_doc,titular,,
N-5f9575e0c0,Cobre Panamá - FQM : nuevo acuerdo debe respetar las leyes de Panamá ; empresa espera los próximos pasos del Gobierno,https://www.panamaamerica.com.pa/economia/cobre-panama-fqm-nuevo-acuerdo-debe-respetar-las-leyes-de-panama-empresa-espera-los,panamaamerica.com.pa,es,,2026-09-30T22:30:00Z,2026-10-06T22:50:47.899Z,,gdelt_doc,titular,,
N-4da46e2d80,Teleférico de Panamá y San Miguelito entra en nueva etapa,https://www.critica.com.pa/nacional/teleferico-de-panama-y-san-miguelito-entra-en-nueva-etapa-517178,critica.com.pa,es,,2026-09-29T01:00:00Z,2026-10-06T22:50:47.899Z,,gdelt_doc,titular,,
N-de4cc053fb,Nuestra posición geográfica y nuestros puertos,https://www.prensa.com/opinion/nuestra-posicion-geografica-y-nuestros-puertos/,prensa.com,es,,2026-09-30T22:45:00Z,2026-10-06T22:50:47.899Z,,gdelt_doc,titular,,
N-a0149784ee,Hay fiesta en el cielo,https://www.panamaamerica.com.pa/sinseccion/hay-fiesta-en-el-cielo-1266180,panamaamerica.com.pa,es,,2026-09-10T06:15:00Z,2026-10-06T22:50:47.899Z,,gdelt_doc,titular,,
N-82bf4f2824,Panamá pide a Rusia y Ucrania facilitar el retorno de panameños reclutados para la guerra,https://www.telemetro.com/nacionales/panama-pide-rusia-y-ucrania-facilitar-el-retorno-panamenos-reclutados-la-guerra-n6092790,telemetro.com,es,,2026-09-23T22:00:00Z,2026-10-06T22:50:47.899Z,,gdelt_doc,titular,,
N-5c22028b17,La Selección de Panamá ya llegó a Japón para próximos compromisos,https://www.rpctv.com/marea-roja/la-seleccion-panama-ya-llego-japon-proximos-compromisos-n6093306,rpctv.com,es,,2026-09-28T22:15:00Z,2026-10-06T22:50:47.899Z,,gdelt_doc,titular,,
N-21f0e788a9,Chichero  representará a Panamá en los Goya y los Óscar,https://www.panamaamerica.com.pa/variedades/chichero-representara-panama-en-los-goya-y-los-oscar-1266249,panamaamerica.com.pa,es,,2026-09-11T21:15:00Z,2026-10-06T22:50:47.899Z,,gdelt_doc,titular,,
N-0adcf16549,Canciller reclama ante la ONU el regreso de panameños reclutados en la guerra Rusia - Ucrania,https://www.prensa.com/politica/canciller-reclama-ante-la-onu-el-regreso-de-panamenos-reclutados-en-la-guerra-rusia-ucrania/,prensa.com,es,,2026-09-23T23:30:00Z,2026-10-06T22:50:47.899Z,,gdelt_doc,titular,,
N-dcd1d5fcdf,Economía política : socialdemocracia y las izquierdas en Panamá ( 2004 - 2025 ),https://www.prensa.com/opinion/economia-politica-socialdemocracia-y-las-izquierdas-en-panama-2004-2025/,prensa.com,es,,2026-09-11T05:15:00Z,2026-10-06T22:50:47.899Z,,gdelt_doc,titular,,
N-b0e1f78a48,Panamá sigue moviendo sus fichas para atraer inversiones y fortalecer sus relaciones con Emiratos Árabes Unidos,https://www.diaadia.com.pa/el-pais/panama-sigue-moviendo-sus-fichas-para-atraer-inversiones-y-fortalecer-sus-relaciones-con,diaadia.com.pa,es,,2026-09-28T15:45:00Z,2026-10-06T22:50:47.899Z,,gdelt_doc,titular,,
N-14a51c7f1b,Selección de Lucha Olímpica de Panamá lista para los Codicader,https://www.critica.com.pa/deportes/seleccion-de-lucha-olimpica-de-panama-lista-para-los-codicader-516192,critica.com.pa,es,,2026-09-11T10:15:00Z,2026-10-06T22:50:47.899Z,,gdelt_doc,titular,,
N-ba4bdcf869,"VÍDEO |  Chombón  cruzó la frontera , pero no pasó agachado : lo ubicaron en Costa Rica",https://www.midiario.com/policiales/chombon-cruzo-la-frontera-pero-no-paso-agachado-lo-ubicaron-en-costa-rica/,midiario.com,es,,2026-09-11T22:45:00Z,2026-10-06T22:50:47.899Z,,gdelt_doc,titular,,
N-5b5cf04fb7,Servicios y logística con Ecuador tienen potencial,https://www.panamaamerica.com.pa/economia/servicios-y-logistica-con-ecuador-tienen-potencial-1266019,panamaamerica.com.pa,es,,2026-09-07T07:00:00Z,2026-10-06T22:50:47.899Z,,gdelt_doc,titular,,
N-76d8b97b8f,Canal de Panamá : esta es la millonaria cifra que aportará al Estado en 2027,https://www.telemetro.com/nacionales/canal-panama-esta-es-la-millonaria-cifra-que-aportara-al-estado-2027-n6093556,telemetro.com,es,,2026-09-30T18:30:00Z,2026-10-06T22:50:47.899Z,,gdelt_doc,titular,,
N-69bbb256e3,Migración impide ingreso a Panamá de extranjero con antecedentes por delitos contra una menor,https://www.telemetro.com/nacionales/migracion-impide-ingreso-panama-extranjero-antecedentes-delitos-contra-una-menor-n6093176,telemetro.com,es,,2026-09-27T20:15:00Z,2026-10-06T22:50:47.899Z,,gdelt_doc,titular,,
N-f26346e6a3,Sech  anuncia el  Secho Gang Tour  y confirma a Panamá,https://www.panamaamerica.com.pa/variedades/sech-anuncia-el-secho-gang-tour-y-confirma-panama-1266121,panamaamerica.com.pa,es,,2026-09-09T03:00:00Z,2026-10-06T22:50:47.899Z,,gdelt_doc,titular,,
N-68a67e11fb,Canciller Martínez - Acha se reúne con su par emiratí para impulsar acuerdos comerciales e infraestructura,https://www.panamaamerica.com.pa/economia/canciller-martinez-acha-se-reune-con-su-par-emirati-para-impulsar-acuerdos-comerciales-e,panamaamerica.com.pa,es,,2026-09-28T07:45:00Z,2026-10-06T22:50:47.899Z,,gdelt_doc,titular,,
N-07ca0d7672,Panamá tiene ahora su propio rincón en Brooklyn :  Little Panama Way,https://www.laestrella.com.pa/vida-y-cultura/cultura/panama-tiene-ahora-su-propio-rincon-en-brooklyn-little-panama-way-ML25958105,laestrella.com.pa,es,,2026-09-24T23:00:00Z,2026-10-06T22:50:47.899Z,,gdelt_doc,titular,,
N-009190c272,¡ Oro panameño ! El Abel Bravo reina en el baloncesto de Codicader 2026,https://www.laestrella.com.pa/deportes/baloncesto/oro-panameno-el-abel-bravo-reina-en-el-baloncesto-de-codicader-2026-JE25562487,laestrella.com.pa,es,,2026-09-10T02:00:00Z,2026-10-06T22:50:47.899Z,,gdelt_doc,titular,,
N-b12dfb593d,BID advierte sobre el impacto fiscal de El Niño en Panamá,https://www.laestrella.com.pa/economia/bid-advierte-sobre-el-impacto-fiscal-de-el-nino-en-panama-AC25502424,laestrella.com.pa,es,,2026-09-08T07:30:00Z,2026-10-06T22:50:47.899Z,,gdelt_doc,titular,,
N-57790af564,"Panamá respira , pero ¿ qué está respirando ?",https://www.prensa.com/opinion/panama-respira-pero-que-esta-respirando/,prensa.com,es,,2026-09-07T02:15:00Z,2026-10-06T22:50:47.899Z,,gdelt_doc,titular,,
N-62c081837d,El  ídolo de ídolo recibe su último homenaje : Panamá despide a Ismael Laguna,https://www.prensa.com/deportes/el-idolo-de-idolos-recibe-su-ultimo-homenaje-panama-despide-a-ismael-laguna/,prensa.com,es,,2026-09-11T19:30:00Z,2026-10-06T22:50:47.899Z,,gdelt_doc,titular,,
N-ae047f9119,Colegios privados : ¿ cuánto costará la matrícula y anualidad en 2027 ?,https://www.laestrella.com.pa/economia/colegios-privados-cuanto-costara-la-matricula-y-anualidad-en-2027-JE26116069,laestrella.com.pa,es,,2026-09-30T21:45:00Z,2026-10-06T22:50:47.899Z,,gdelt_doc,titular,,
N-d3db0399d2,El bajo perfil de María Corina Machado en Panamá a la espera de su regreso a Venezuela,https://www.panamaamerica.com.pa/politica/el-bajo-perfil-de-maria-corina-machado-en-panama-la-espera-de-su-regreso-venezuela-1266918,panamaamerica.com.pa,es,,2026-09-30T22:15:00Z,2026-10-06T22:50:47.899Z,,gdelt_doc,titular,,
N-c038a7dcf2,¡ Suéltalo ! Campaña que busca prevenir el suicidio en la población,https://www.critica.com.pa/nacional/sueltalo-campana-que-busca-prevenir-el-suicidio-en-la-poblacion-516201,critica.com.pa,es,,2026-09-11T01:15:00Z,2026-10-06T22:50:47.899Z,,gdelt_doc,titular,,
N-4e422bd140,El  ídolo de ídolo recibe su último homenaje : Panamá despide a Ismael Laguna,https://www.midiario.com/deportivas/el-idolo-de-idolos-recibe-su-ultimo-homenaje-panama-despide-a-ismael-laguna/,midiario.com,es,,2026-09-11T22:45:00Z,2026-10-06T22:50:47.899Z,,gdelt_doc,titular,,
N-cacfd63a5c,China no tiene facultad para exhortar a diputados a que cambien su postura,https://www.panamaamerica.com.pa/politica/china-no-tiene-facultad-para-exhortar-diputados-que-cambien-su-postura-1266176,panamaamerica.com.pa,es,,2026-09-10T07:00:00Z,2026-10-06T22:50:47.899Z,,gdelt_doc,titular,,
N-7ac451d2a2,Lo que debes saber : las noticias que marcaron este miércoles 9 de septiembre en Panamá,https://www.laestrella.com.pa/panama/nacional/lo-que-debes-saber-las-noticias-que-marcaron-este-miercoles-9-de-septiembre-en-panama-PE25562580,laestrella.com.pa,es,,2026-09-10T02:00:00Z,2026-10-06T22:50:47.899Z,,gdelt_doc,titular,,
N-cff72e7bad,Juegos Suramericanos 2026 : Panamá acude a Santa Fe con 90 atletas,https://www.rpctv.com/boxeo-internacional/programas/juegos-suramericanos-2026-panama-acude-santa-fe-90-atletas-n6091020,rpctv.com,es,,2026-09-07T20:00:00Z,2026-10-06T22:50:47.899Z,,gdelt_doc,titular,,
N-9979983be4,¿ Debe reabrir Cobre Panamá ? Cámara Minera fija su posición sobre el futuro de la mina,https://www.telemetro.com/nacionales/debe-reabrir-cobre-panama-camara-minera-fija-su-posicion-el-futuro-la-mina-n6093233,telemetro.com,es,,2026-09-28T16:15:00Z,2026-10-06T22:50:47.899Z,,gdelt_doc,titular,,
N-a53644c9ff,Gabriela Lineth responde a quienes no quedaron conformes con su coronación como Miss Universe Panamá,https://www.diaadia.com.pa/gabriela-lineth-responde-quienes-no-quedaron-conformes-con-su-coronacion-como-miss-universe-panama,diaadia.com.pa,es,,2026-09-10T18:15:00Z,2026-10-06T22:50:47.899Z,,gdelt_doc,titular,,
N-b57e22c596,Panamá gasta hasta $100 millones al año en biodiversidad : el reto es calcular la brecha,https://www.laestrella.com.pa/economia/panama-gasta-hasta-100-millones-al-ano-en-biodiversidad-el-reto-es-calcular-la-brecha-FE25564991,laestrella.com.pa,es,,2026-09-10T06:15:00Z,2026-10-06T22:50:47.899Z,,gdelt_doc,titular,,
N-6eaf1acd9f,India vs . Panamá : desde qué hora ver el partido este 25 de septiembre,https://www.telemetro.com/deportes/india-vs-panama-que-hora-ver-el-partido-este-25-septiembre-n6092942,telemetro.com,es,,2026-09-25T00:00:00Z,2026-10-06T22:50:47.899Z,,gdelt_doc,titular,,
N-0dc904d9c2,"Muere Cristóbal  Toby  Muñoz , figura de la música panameña",https://www.panamaamerica.com.pa/variedades/muere-cristobal-toby-munoz-figura-de-la-musica-panamena-1266920,panamaamerica.com.pa,es,,2026-09-30T22:30:00Z,2026-10-06T22:50:47.899Z,,gdelt_doc,titular,,
N-72b68d5114,Sismo de magnitud 5 . 4 sacude la frontera entre Panamá y Costa Rica,https://www.critica.com.pa/nacional/sismo-de-magnitud-54-sacude-la-frontera-entre-panama-y-costa-rica-516253,critica.com.pa,es,,2026-09-12T06:30:00Z,2026-10-06T22:50:47.899Z,,gdelt_doc,titular,,
N-e4a8ba965d,Metro de Panamá y Doppelmayr firman el contrato para la construcción del Teleférico de San Miguelito,https://www.panamaamerica.com.pa/sociedad/metro-de-panama-y-doppelmayr-firman-el-contrato-para-la-construccion-del-teleferico-de-san,panamaamerica.com.pa,es,,2026-09-28T22:45:00Z,2026-10-06T22:50:47.899Z,,gdelt_doc,titular,,
N-9d3b10aadf,Thomas Christiansen al mando de la Selección de Panamá hasta 2030,https://www.rpctv.com/marea-roja/thomas-christiansen-al-mando-la-seleccion-panama-2030-n6091177,rpctv.com,es,,2026-09-09T01:00:00Z,2026-10-06T22:50:47.899Z,,gdelt_doc,titular,,
N-c9b0ad3546,Rosh Hashaná 2026 : ¿ quiénes tendrán libre este sábado 12 de septiembre en Panamá por el Año Nuevo judío ?,https://www.telemetro.com/nacionales/rosh-hashana-2026-quienes-tendran-libre-este-sabado-12-septiembre-panama-el-ano-nuevo-judio-n6091516,telemetro.com,es,,2026-09-12T20:15:00Z,2026-10-06T22:50:47.899Z,,gdelt_doc,titular,,
N-a3f0d9b602,Comisión Interministerial recomienda al presidente Mulino un  cierre ordenado  de la mina de Donoso,https://www.prensa.com/economia/en-directo-comision-interministerial-presenta-recomendaciones-al-presidente-mulino-sobre-la-mina-de-donoso/,prensa.com,es,,2026-09-30T15:00:00Z,2026-10-06T22:50:47.899Z,,gdelt_doc,titular,,
N-20c3a934a1,"Siguiente parada , Japón : Panamá llega a tierras niponas para jugar ante Nueva Zelanda",https://www.laestrella.com.pa/deportes/futbol/siguiente-parada-japon-panama-llega-a-tierras-niponas-para-jugar-ante-nueva-zelanda-DA26044632,laestrella.com.pa,es,,2026-09-28T17:15:00Z,2026-10-06T22:50:47.899Z,,gdelt_doc,titular,,
N-01df29e4b7,Ilya Espino al frente del Canal de Panamá : las claves de su primer discurso,https://www.laestrella.com.pa/panama/nacional/ilya-espino-al-frente-del-canal-de-panama-las-claves-de-su-primer-discurso-GL25485641,laestrella.com.pa,es,,2026-09-07T17:30:00Z,2026-10-06T22:50:47.899Z,,gdelt_doc,titular,,
N-c3b048ae7d,"Mujeres Guna , Emberá y Ngäbe - Buglé se roban las miradas en pasarela cultural en Mi Pueblito",https://www.midiario.com/farandula/mujeres-guna-embera-y-ngabe-bugle-se-roban-las-miradas-en-pasarela-cultural-en-mi-pueblito/,midiario.com,es,,2026-09-08T19:00:00Z,2026-10-06T22:50:47.899Z,,gdelt_doc,titular,,
N-e167994445,Panamá lidera exportaciones de servicios de Centroamérica,https://www.laestrella.com.pa/economia/panama-lidera-exportaciones-de-servicios-de-centroamerica-IC25502569,laestrella.com.pa,es,,2026-09-08T07:30:00Z,2026-10-06T22:50:47.899Z,,gdelt_doc,titular,,
N-5ac056fa29,El sector pesquero de Panamá crece un 5 . 6 % y genera $158 . 5 millones,https://www.panamaamerica.com.pa/economia/el-sector-pesquero-de-panama-crece-un-56-y-genera-1585-millones-1266057,panamaamerica.com.pa,es,,2026-09-07T21:15:00Z,2026-10-06T22:50:47.899Z,,gdelt_doc,titular,,
N-5dab991171,Congestión portuaria y falta de infraestructura digital ponen presión a Panamá,https://www.laestrella.com.pa/economia/congestion-portuaria-y-falta-de-infraestructura-digital-ponen-presion-a-panama-DH26034698,laestrella.com.pa,es,,2026-09-28T07:30:00Z,2026-10-06T22:50:47.899Z,,gdelt_doc,titular,,
N-9c2df38206,Clima en Panamá : Pronóstico para este lunes 28 de septiembre,https://www.laestrella.com.pa/panama/informacion-util/clima-en-panama-pronostico-para-este-lunes-28-de-septiembre-HH26039097,laestrella.com.pa,es,,2026-09-28T12:15:00Z,2026-10-06T22:50:47.899Z,,gdelt_doc,titular,,
N-0e167b3148,Comisión Interministerial entregó al presidente Mulino el Informe Final sobre el sitio minero Cobre Panamá,https://www.diaadia.com.pa/el-pais/comision-interministerial-entrego-al-presidente-mulino-el-informe-final-sobre-el-sitio,diaadia.com.pa,es,,2026-09-30T19:30:00Z,2026-10-06T22:50:47.899Z,,gdelt_doc,titular,,
N-94bfe599ce,CAF concede préstamo de 500 millones de dólares a banco de Panamá para el sector agrícola,https://www.diaadia.com.pa/el-pais/caf-concede-prestamo-de-500-millones-de-dolares-banco-de-panama-para-el-sector-agricola,diaadia.com.pa,es,,2026-09-11T22:45:00Z,2026-10-06T22:50:47.899Z,,gdelt_doc,titular,,
N-c0db674485,"LA SEMANA DE LOS  GOTA A GOTA . Iba en moto , cargaba cinco tarjetas y dinero : colombiano cae en operativo en Merca Panamá",https://www.midiario.com/policiales/la-semana-de-los-gota-a-gota-iba-en-moto-cargaba-cinco-tarjetas-y-dinero-colombiano-cae-en-operativo-en-merca-panama/,midiario.com,es,,2026-09-09T23:30:00Z,2026-10-06T22:50:47.899Z,,gdelt_doc,titular,,
N-4aa94ed504,"Panamá despide a un campeón : muere Ismael Laguna , leyenda del boxeo",https://www.diaadia.com.pa/deportes/panama-despide-un-campeon-muere-ismael-laguna-leyenda-del-boxeo-791517,diaadia.com.pa,es,,2026-09-08T23:45:00Z,2026-10-06T22:50:47.899Z,,gdelt_doc,titular,,
N-9f756a318d,Legislativo forma grupo de amistad con Taiwán respaldado por Estados Unidos,https://www.laestrella.com.pa/panama/nacional/legislativo-forma-grupo-de-amistad-con-taiwan-respaldado-por-estados-unidos-JA25522830,laestrella.com.pa,es,,2026-09-08T22:00:00Z,2026-10-06T22:50:47.899Z,,gdelt_doc,titular,,
N-0d38baef5d,Panamax 2026 y la seguridad estratégica del Canal de Panamá,https://www.prensa.com/opinion/panamax-2026-y-la-seguridad-estrategica-del-canal-de-panama/,prensa.com,es,,2026-09-07T02:15:00Z,2026-10-06T22:50:47.899Z,,gdelt_doc,titular,,
N-440d462d6a,Panamá enfrenta a India con cinco posibles debutantes y una misión clara,https://www.midiario.com/deportivas/panama-enfrenta-a-india-con-cinco-posibles-debutantes-y-una-mision-clara/,midiario.com,es,,2026-09-25T01:15:00Z,2026-10-06T22:50:47.899Z,,gdelt_doc,titular,,
N-070b43ef50,Roberto Durán :  Laguna me hizo creer que un panameño podía llegar a lo más alto,https://www.panamaamerica.com.pa/deportes/roberto-duran-laguna-me-hizo-creer-que-un-panameno-podia-llegar-lo-mas-alto-1266135,panamaamerica.com.pa,es,,2026-09-09T05:15:00Z,2026-10-06T22:50:47.899Z,,gdelt_doc,titular,,
N-da7718196d,Miembro de red de sicarios buscado en Colombia estuvo preso en Panamá bajo un nombre falso,https://www.diaadia.com.pa/el-pais/miembro-de-red-de-sicarios-buscado-en-colombia-estuvo-preso-en-panama-bajo-un-nombre-falso,diaadia.com.pa,es,,2026-09-12T03:30:00Z,2026-10-06T22:50:47.899Z,,gdelt_doc,titular,,
N-17741cdf34,Discurso del presidente Mulino ante la ONU : Panamá pide el cese de las guerras y defiende el diálogo,https://www.telemetro.com/nacionales/discurso-del-presidente-mulino-la-onu-panama-pide-el-cese-las-guerras-y-defiende-el-dialogo-n6092775,telemetro.com,es,,2026-09-23T22:00:00Z,2026-10-06T22:50:47.899Z,,gdelt_doc,titular,,
N-da1d409029,De China a España e India : estos son los 10 embajadores recibidos por Mulino,https://www.telemetro.com/nacionales/de-china-espana-e-india-estos-son-los-10-embajadores-recibidos-mulino-n6093433,telemetro.com,es,,2026-09-29T22:00:00Z,2026-10-06T22:50:47.899Z,,gdelt_doc,titular,,
N-e6795f433d,Sucasa Estate Developers inaugura su primera Sala de Ventas para presentar Baula Residences | La Prensa Panamá,https://www.prensa.com/notas-de-prensa/sucasa-estate-developers-inaugura-su-primera-sala-de-ventas-para-presentar-baula-residences/,prensa.com,es,,2026-09-09T06:45:00Z,2026-10-06T22:50:47.899Z,,gdelt_doc,titular,,
N-ab06245675,Estevis López se prende en España y Panamá Sub - 17 tumba a Australia,https://www.midiario.com/deportivas/panama-sub-17-arranca-con-victoria-en-espana-y-ya-pone-la-mira-en-marruecos/,midiario.com,es,,2026-09-24T20:30:00Z,2026-10-06T22:50:47.899Z,,gdelt_doc,titular,,
N-70272f6443,50 lotes del mejor café de Panamá serán subastados en línea este miércoles,https://www.prensa.com/economia/50-lotes-del-mejor-cafe-de-panama-seran-subastados-en-linea-este-miercoles/,prensa.com,es,,2026-09-21T18:30:00Z,2026-10-06T22:50:47.899Z,,gdelt_doc,titular,,
N-f539e573ca,El estatus tributario de la ACP y una sentencia histórica,https://www.prensa.com/opinion/el-estatus-tributario-de-la-acp-y-una-sentencia-historica/,prensa.com,es,,2026-09-08T07:15:00Z,2026-10-06T22:50:47.899Z,,gdelt_doc,titular,,
N-9235dc4f3a,Colombiano de 21 años se entrega en Darién y pide refugio en Panamá : esto dijeron las autoridades,https://www.telemetro.com/nacionales/colombiano-21-anos-se-entrega-darien-y-pide-refugio-panama-esto-dijeron-las-autoridades-n6091514,telemetro.com,es,,2026-09-11T22:30:00Z,2026-10-06T22:50:47.899Z,,gdelt_doc,titular,,
N-f7b84a6121,"Inversiones :  En España , hay mucho interés por Panamá , asegura Moltó",https://www.laestrella.com.pa/economia/inversiones-en-espana-hay-mucho-interes-por-panama-asegura-molto-BI25873323,laestrella.com.pa,es,,2026-09-22T00:30:00Z,2026-10-06T22:50:47.899Z,,gdelt_doc,titular,,
N-e47afb31d7,Periodista de La Prensa gana el Premio Palma de Oro por su investigación sobre las amenazas costeras en Panamá,https://www.prensa.com/vivir/periodista-de-la-prensa-gana-el-premio-palma-de-oro-por-su-investigacion-sobre-las-amenazas-costeras-en-panama/,prensa.com,es,,2026-09-23T19:45:00Z,2026-10-06T22:50:47.899Z,,gdelt_doc,titular,,
N-6b6420a0a4,Gabriela Lineth le responde a los  haters  tras su coronación,https://www.critica.com.pa/show/gabriela-lineth-le-responde-los-haters-tras-su-coronacion-516188,critica.com.pa,es,,2026-09-11T01:00:00Z,2026-10-06T22:50:47.899Z,,gdelt_doc,titular,,
N-8e7bb639c8,Recibía mercancía robada y la vendía ; ahora deberá pagar B /. 600 al Estado,https://www.critica.com.pa/sucesos/recibia-mercancia-robada-y-la-vendia-ahora-debera-pagar-b600-al-estado-516237,critica.com.pa,es,,2026-09-11T23:15:00Z,2026-10-06T22:50:47.899Z,,gdelt_doc,titular,,
N-6145b69f29,Josué Vergara se unirá a la Selección de Panamá en Japón,https://www.prensa.com/deportes/josue-vergara-se-unira-a-la-seleccion-de-panama-en-japon/,prensa.com,es,,2026-09-30T22:45:00Z,2026-10-06T22:50:47.899Z,,gdelt_doc,titular,,
N-cf1dc95e05,"Hoy por hoy : PISA , la silla vacía",https://www.prensa.com/opinion/hoy-por-hoy-pisa-la-silla-vacia/,prensa.com,es,,2026-09-10T06:15:00Z,2026-10-06T22:50:47.899Z,,gdelt_doc,titular,,
N-f693bd5adf,Blackstone y SSA Marine muestran interés en nuevas inversiones en Panamá,https://www.telemetro.com/nacionales/blackstone-y-ssa-marine-muestran-interes-nuevas-inversiones-panama-n6092809,telemetro.com,es,,2026-09-24T03:15:00Z,2026-10-06T22:50:47.899Z,,gdelt_doc,titular,,
N-99e3b4dd75,Sismo de magnitud 3 . 3 sorprende durante la madrugada : ocurrió al noroeste de Chepo,https://www.telemetro.com/nacionales/sismo-magnitud-33-sorprende-la-madrugada-ocurrio-al-noroeste-chepo-n6091467,telemetro.com,es,,2026-09-11T15:45:00Z,2026-10-06T22:50:47.899Z,,gdelt_doc,titular,,
N-ad1833eaaf,"Mulino y Sánchez conversan sobre Río Indio , nuevos puertos y cooperación bilateral",https://www.laestrella.com.pa/mundo/america/mulino-y-sanchez-conversan-sobre-rio-indio-nuevos-puertos-y-cooperacion-bilateral-KG25895294,laestrella.com.pa,es,,2026-09-22T19:45:00Z,2026-10-06T22:50:47.899Z,,gdelt_doc,titular,,
N-15d10ca301,Mulino y Macron destacan relación entre Panamá y Francia en Nueva York,https://www.laestrella.com.pa/mundo/america/mulino-y-macron-destacan-relacion-entre-panama-y-francia-en-nueva-york-IG25895863,laestrella.com.pa,es,,2026-09-22T19:45:00Z,2026-10-06T22:50:47.899Z,,gdelt_doc,titular,,
N-91c8a753b9,Selección de fútbol de Panamá entrena en Bangalore y apunta al amistoso ante India,https://www.prensa.com/deportes/panama-entrena-en-bangalore-y-apunta-al-amistoso-ante-india/,prensa.com,es,,2026-09-23T19:45:00Z,2026-10-06T22:50:47.899Z,,gdelt_doc,titular,,
N-7f0d5d7618,Aeronave de la NASA opera desde Panamá para estudiar la atmósfera terrestre,https://www.panamaamerica.com.pa/sociedad/aeronave-de-la-nasa-opera-desde-panama-para-estudiar-la-atmosfera-terrestre-1266198,panamaamerica.com.pa,es,,2026-09-10T21:15:00Z,2026-10-06T22:50:47.899Z,,gdelt_doc,titular,,
N-a6b4dfecce,Universidad de Panamá destaca avances científicos y académicos al cierre de gestión de Flores,https://www.panamaamerica.com.pa/sociedad/universidad-de-panama-destaca-avances-cientificos-y-academicos-al-cierre-de-gestion-de,panamaamerica.com.pa,es,,2026-09-28T17:45:00Z,2026-10-06T22:50:47.899Z,,gdelt_doc,titular,,
N-6506bf9699,Panamá pide a Rusia y Ucrania facilitar el regreso de panameños de la guerra,https://www.critica.com.pa/nacional/panama-pide-rusia-y-ucrania-facilitar-el-regreso-de-panamenos-de-la-guerra-516904,critica.com.pa,es,,2026-09-24T03:45:00Z,2026-10-06T22:50:47.899Z,,gdelt_doc,titular,,
N-171e42dcd1,Sigue la tiradera por quién es el  FEO  de Panamá : La Peke le responde a Yemil tras decirle que además era un  limpio,https://www.midiario.com/farandula/sigue-la-tiradera-por-quien-es-el-feo-de-panama-la-peke-le-responde-a-yemil-tras-decirle-que-ademas-era-un-limpio/,midiario.com,es,,2026-09-12T17:15:00Z,2026-10-06T22:50:47.899Z,,gdelt_doc,titular,,
N-282874522b,Chichero  representará a Panamá en los Goya 2027 y buscará una nominación al Óscar,https://www.diaadia.com.pa/fama/chichero-representara-panama-en-los-goya-2027-y-buscara-una-nominacion-al-oscar-791542,diaadia.com.pa,es,,2026-09-10T22:45:00Z,2026-10-06T22:50:47.899Z,,gdelt_doc,titular,,
N-6ef50a5c0f,Café Presidente cruza fronteras y llega a Nueva York,https://www.critica.com.pa/nacional/cafe-presidente-cruza-fronteras-y-llega-nueva-york-516770,critica.com.pa,es,,2026-09-21T21:15:00Z,2026-10-06T22:50:47.899Z,,gdelt_doc,titular,,
N-7ebe1c985a,"¡ Panamá Norte , llegó su turno ! IFARHU anuncia cuándo y dónde podrá retirar la tarjeta del PASE - U esta semana",https://www.midiario.com/nacionales/panama-norte-llego-tu-turno-ifarhu-anuncia-cuando-y-donde-podra-retirar-la-tarjeta-del-pase-u-esta-semana/,midiario.com,es,,2026-09-12T17:15:00Z,2026-10-06T22:50:47.899Z,,gdelt_doc,titular,,
N-7b0bf7394a,Gabriela González es la nueva Miss Universe Panamá 2026 ; gala trascurrió entre desmayos y polémicas,https://www.panamaamerica.com.pa/variedades/gabriela-gonzalez-es-la-nueva-miss-universe-panama-2026-gala-trascurrio-entre-desmayos-y,panamaamerica.com.pa,es,,2026-09-07T00:45:00Z,2026-10-06T22:50:47.899Z,,gdelt_doc,titular,,
N-7630b3f3f1,"D - Max , el prófugo colombiano que estuvo encarcelado en Panamá bajo un nombre falso",https://www.panamaamerica.com.pa/sociedad/d-max-el-profugo-colombiano-que-estuvo-encarcelado-en-panama-bajo-un-nombre-falso-1266263,panamaamerica.com.pa,es,,2026-09-12T20:00:00Z,2026-10-06T22:50:47.899Z,,gdelt_doc,titular,,
N-26f861c9af,MINSA evalúa contratar médicos especialistas extranjeros : estas son las áreas con mayor escasez,https://www.telemetro.com/nacionales/minsa-evalua-contratar-medicos-especialistas-extranjeros-estas-son-las-areas-mayor-escasez-n6091269,telemetro.com,es,,2026-09-09T20:45:00Z,2026-10-06T22:50:47.899Z,,gdelt_doc,titular,,
N-5303dfac2c,¡ Lluvia de medallas ! Panamá sigue ganando en los Codicader 2026,https://www.laestrella.com.pa/deportes/boxeo/lluvia-de-medallas-panama-sigue-ganando-en-los-codicader-2026-NB25530937,laestrella.com.pa,es,,2026-09-09T02:15:00Z,2026-10-06T22:50:47.899Z,,gdelt_doc,titular,,
N-c532d62722,¿ Cómo está el empleo en Panamá ? Presidente afirma que el desempleo baja y sector privado gana terreno,https://www.telemetro.com/nacionales/como-esta-el-empleo-panama-presidente-afirma-que-el-desempleo-baja-y-sector-privado-gana-terreno-n6093508,telemetro.com,es,,2026-09-30T13:45:00Z,2026-10-06T22:50:47.899Z,,gdelt_doc,titular,,
N-4d95a3633c,Los reclutaban para ir a Rusia : cae presunta red que captaba panameños,https://www.midiario.com/policiales/los-reclutaban-para-ir-a-rusia-cae-presunta-red-que-captaba-panamenos/,midiario.com,es,,2026-09-24T20:30:00Z,2026-10-06T22:50:47.899Z,,gdelt_doc,titular,,
N-4ee0058e50,Comisión Europea destaca avances para salir de la lista fiscal,https://www.critica.com.pa/nacional/comision-europea-destaca-avances-para-salir-de-la-lista-fiscal-516838,critica.com.pa,es,,2026-09-23T00:30:00Z,2026-10-06T22:50:47.899Z,,gdelt_doc,titular,,
N-af7a554fc2,Caída de registro por tonelaje afectaría los ingresos del país,https://www.panamaamerica.com.pa/economia/caida-de-registro-por-tonelaje-afectaria-los-ingresos-del-pais-1266896,panamaamerica.com.pa,es,,2026-09-30T05:45:00Z,2026-10-06T22:50:47.899Z,,gdelt_doc,titular,,
N-5f4c46d602,"Panamá fortalece cooperación con Ghana , Trinidad y Tobago y Ucrania",https://www.telemetro.com/nacionales/panama-fortalece-cooperacion-ghana-trinidad-y-tobago-y-ucrania-n6092789,telemetro.com,es,,2026-09-23T22:00:00Z,2026-10-06T22:50:47.899Z,,gdelt_doc,titular,,
N-d6cfe73d9d,"Alias Dimax , cabecilla de una oficina de cobros de Cali , está detenido en Panamá",https://www.prensa.com/judiciales/alias-dimax-cabecilla-de-una-oficina-de-cobros-de-cali-esta-detenido-en-panama/,prensa.com,es,,2026-09-11T00:45:00Z,2026-10-06T22:50:47.899Z,,gdelt_doc,titular,,
N-4e312e60c9,Costa Rica detiene a cuatro presuntos criminales panameños,https://www.critica.com.pa/nacional/costa-rica-detiene-cuatro-presuntos-criminales-panamenos-515937,critica.com.pa,es,,2026-09-07T03:30:00Z,2026-10-06T22:50:47.899Z,,gdelt_doc,titular,,
N-8b261db041,"Panamá registra cerca de 2 , 500 ataques cibernéticos por semana",https://www.telemetro.com/nacionales/panama-registra-cerca-2500-ataques-ciberneticos-semana-n6092823,telemetro.com,es,,2026-09-24T03:15:00Z,2026-10-06T22:50:47.899Z,,gdelt_doc,titular,,
N-c6aa6e9e05,"Fallece Ismael  Tigre de Colón  Laguna , el primer campeón mundial de boxeo en Panamá , muere a los 83 años",https://www.midiario.com/deportivas/fallece-ismael-tigre-de-colon-laguna-el-primer-campeon-mundial-de-boxeo-en-panama-muere-a-los-83-anos/,midiario.com,es,,2026-09-08T23:30:00Z,2026-10-06T22:50:47.899Z,,gdelt_doc,titular,,
N-2bb381a70b,Panamá define su convocatoria Sub - 17 para la gira en España,https://www.midiario.com/deportivas/panama-define-su-convocatoria-sub-17-para-la-gira-en-espana/,midiario.com,es,,2026-09-12T03:30:00Z,2026-10-06T22:50:47.899Z,,gdelt_doc,titular,,
N-b4c4305557,"2 , 643 horas : la carga invisible de la burocracia en Panamá",https://www.prensa.com/opinion/2643-horas-la-carga-invisible-de-la-burocracia-en-panama/,prensa.com,es,,2026-09-28T04:30:00Z,2026-10-06T22:50:47.899Z,,gdelt_doc,titular,,
N-4be0a7c61c,Ricaurte Vásquez : las claves de su último discurso al frente del Canal,https://www.laestrella.com.pa/panama/nacional/ricaurte-vasquez-las-claves-de-su-ultimo-discurso-al-frente-del-canal-AL25485353,laestrella.com.pa,es,,2026-09-07T17:30:00Z,2026-10-06T22:50:47.899Z,,gdelt_doc,titular,,
N-bec35df253,Pedro Heilbron revela la fórmula de Copa Airlines para crecer en la región y descarta fusiones con otras empresas,https://www.prensa.com/economia/pedro-heilbron-revela-la-formula-de-copa-airlines-para-crecer-en-la-region-y-descarta-fusiones-con-otras-empresas/,prensa.com,es,,2026-09-11T00:45:00Z,2026-10-06T22:50:47.899Z,,gdelt_doc,titular,,
N-2971000e1c,Caifanes retumbó en Panamá con un concierto legendario,https://www.critica.com.pa/show/caifanes-retumbo-en-panama-con-un-concierto-legendario-516090,critica.com.pa,es,,2026-09-09T17:00:00Z,2026-10-06T22:50:47.899Z,,gdelt_doc,titular,,
N-e8a46cc0c5,Cuarto Puente : reanudan trabajos tras subsanar hallazgos de seguridad laboral,https://www.telemetro.com/nacionales/cuarto-puente-reanudan-trabajos-subsanar-hallazgos-seguridad-laboral-n6093360,telemetro.com,es,,2026-09-29T14:45:00Z,2026-10-06T22:50:47.899Z,,gdelt_doc,titular,,
N-f1555620c2,Panamá 2030 : educar para competir con visión de Estado,https://www.prensa.com/opinion/panama-2030-educar-para-competir-con-vision-de-estado/,prensa.com,es,,2026-09-10T06:15:00Z,2026-10-06T22:50:47.899Z,,gdelt_doc,titular,,
N-9028285e00,Panapark Free Zone lidera el modelo de Zona Franca 4 . 0 en Panamá | La Prensa Panamá,https://www.prensa.com/contenido-de-marcas/panapark-free-zone-lidera-el-modelo-de-zona-franca-40-en-panama/,prensa.com,es,,2026-09-23T07:45:00Z,2026-10-06T22:50:47.899Z,,gdelt_doc,titular,,
N-3c63501aa9,Moody : Cobre Panamá puede incidir en el grado de inversión,https://www.panamaamerica.com.pa/economia/moodys-cobre-panama-puede-incidir-en-el-grado-de-inversion-1266126,panamaamerica.com.pa,es,,2026-09-09T07:00:00Z,2026-10-06T22:50:47.899Z,,gdelt_doc,titular,,
N-d343aab65f,Panamá enfrenta reto de agilizar movimiento de carga frente a sus competidores,https://www.panamaamerica.com.pa/economia/panama-enfrenta-reto-de-agilizar-movimiento-de-carga-frente-sus-competidores-1266840,panamaamerica.com.pa,es,,2026-09-29T05:30:00Z,2026-10-06T22:50:47.899Z,,gdelt_doc,titular,,
N-fd1fba6a67,"Nathalee Aranda , la colonense que voló en el salto de longitud para darle a Panamá un oro inolvidable",https://www.prensa.com/deportes/nathalee-aranda-la-colonense-que-volo-en-el-salto-de-longitud-para-darle-a-panama-un-oro-inolvidable/,prensa.com,es,,2026-09-23T19:45:00Z,2026-10-06T22:50:47.899Z,,gdelt_doc,titular,,
N-0b9d04727e,Proyecto de ley que dicta el presupuesto del Canal de Panamá pasa a tercer debate,https://www.telemetro.com/nacionales/proyecto-ley-que-dicta-el-presupuesto-del-canal-panama-pasa-tercer-debate-n6092955,telemetro.com,es,,2026-09-25T07:15:00Z,2026-10-06T22:50:47.899Z,,gdelt_doc,titular,,
N-dca7ae0d6c,Familiares de siete panameños detenidos en Cuba rechazan acciones de Camino a la Democracia,https://www.panamaamerica.com.pa/politica/familiares-de-siete-panamenos-detenidos-en-cuba-rechazan-acciones-de-camino-la-democracia,panamaamerica.com.pa,es,,2026-09-10T21:15:00Z,2026-10-06T22:50:47.899Z,,gdelt_doc,titular,,
N-d40cf24258,"Surinam pone la mira en Panamá para impulsar energía , comercio e inversiones",https://www.critica.com.pa/nacional/surinam-pone-la-mira-en-panama-para-impulsar-energia-comercio-e-inversiones-516984,critica.com.pa,es,,2026-09-25T05:15:00Z,2026-10-06T22:50:47.899Z,,gdelt_doc,titular,,
N-58827f2381,"Panamá , entre dos desconfianzas",https://www.prensa.com/opinion/panama-entre-dos-desconfianzas/,prensa.com,es,,2026-09-24T07:45:00Z,2026-10-06T22:50:47.899Z,,gdelt_doc,titular,,
N-a47910e0e5,Lask y Andrade debutan en la Champions League,https://www.panamaamerica.com.pa/deportes/lask-y-andrade-debutan-en-la-champions-league-1266082,panamaamerica.com.pa,es,,2026-09-08T06:45:00Z,2026-10-06T22:50:47.899Z,,gdelt_doc,titular,,
N-17042f71d2,Chapman : Sector privado es el principal motor del crecimiento económico,https://www.panamaamerica.com.pa/economia/chapman-sector-privado-es-el-principal-motor-del-crecimiento-economico-1266265,panamaamerica.com.pa,es,,2026-09-12T20:00:00Z,2026-10-06T22:50:47.899Z,,gdelt_doc,titular,,
N-f2f32495cb,Falleció el ex campeón mundial Ismael Laguna El Tigre de Colón,https://www.rpctv.com/boxeo-internacional/programas/fallecio-el-ex-campeon-mundial-ismael-laguna-el-tigre-colon-n6091157,rpctv.com,es,,2026-09-09T01:00:00Z,2026-10-06T22:50:47.899Z,,gdelt_doc,titular,,
N-8de550b950,Yusneiry Agrazal gana bronce y Panamá alcanza otra medalla en los Juegos Suramericanos,https://www.midiario.com/deportivas/yusneiry-agrazal-gana-bronce-y-panama-alcanza-otra-medalla-en-los-juegos-suramericanos/,midiario.com,es,,2026-09-21T22:15:00Z,2026-10-06T22:50:47.899Z,,gdelt_doc,titular,,
N-c8378f7b62,Desmienten renuncia de la nacionalidad de María Corina Machado : Panamá le otorga estatus diplomático humanitario,https://www.laestrella.com.pa/panama/nacional/desmienten-renuncia-de-la-nacionalidad-de-maria-corina-machado-panama-le-otorga-estatus-diplomatico-humanitario-OO25908336,laestrella.com.pa,es,,2026-09-23T04:45:00Z,2026-10-06T22:50:47.899Z,,gdelt_doc,titular,,
N-0bef33829f,"Panameños reportan haber comido menos de tres veces al día en el último mes por falta de dinero , según informe",https://www.telemetro.com/nacionales/panamenos-reportan-haber-comido-menos-tres-veces-al-dia-el-ultimo-mes-falta-dinero-segun-informe-n6092827,telemetro.com,es,,2026-09-24T03:15:00Z,2026-10-06T22:50:47.899Z,,gdelt_doc,titular,,
N-3f0ff0441f,Diputado Jorge Bloise explica la nueva Ley de Olvido Oncológico,https://www.telemetro.com/entrevistas/nacionales/diputado-jorge-bloise-explica-la-nueva-ley-olvido-oncologico-n6091327,telemetro.com,es,,2026-09-10T15:00:00Z,2026-10-06T22:50:47.899Z,,gdelt_doc,titular,,
N-2b870993d5,Brooklyn rinde homenaje a generaciones de panameños con  Little Panama Way,https://www.diaadia.com.pa/el-pais/brooklyn-rinde-homenaje-generaciones-de-panamenos-con-little-panama-way-791731,diaadia.com.pa,es,,2026-09-24T22:00:00Z,2026-10-06T22:50:47.899Z,,gdelt_doc,titular,,
N-a24671e2be,"El 44 % de los pacientes diagnosticados con VIH en 2025 , en Panamá , tenía las defensas debilitadas",https://www.prensa.com/sociedad/el-44-de-los-pacientes-diagnosticados-con-vih-en-2025-en-panama-tenia-las-defensas-debilitadas/,prensa.com,es,,2026-09-29T07:30:00Z,2026-10-06T22:50:47.899Z,,gdelt_doc,titular,,
N-9153d7dd6b,Quiero poner a Panamá de referencia en lo que involucre ingeniería biomédica,https://www.laestrella.com.pa/vida-y-cultura/cultura/alexandra-montenegro-quiero-poner-a-panama-de-referencia-en-lo-que-involucre-ingenieria-biomedica-BC25508889,laestrella.com.pa,es,,2026-09-08T07:30:00Z,2026-10-06T22:50:47.899Z,,gdelt_doc,titular,,
N-bc9a25fe6c,Ballet Nacional de Panamá presenta El lago de los cisnes en histórico teatro de Brasil,https://www.telemetro.com/nacionales/ballet-nacional-panama-presenta-el-lago-los-cisnes-historico-teatro-brasil-n6092937,telemetro.com,es,,2026-09-25T00:00:00Z,2026-10-06T22:50:47.899Z,,gdelt_doc,titular,,
N-bcd57dd5c1,Yolina Lindquist llegará a Panamá para coronar a Miss Cosmo Panamá 2026,https://www.panamaamerica.com.pa/variedades/yolina-lindquist-llegara-panama-para-coronar-miss-cosmo-panama-2026-1266621,panamaamerica.com.pa,es,,2026-09-22T23:00:00Z,2026-10-06T22:50:47.899Z,,gdelt_doc,titular,,
N-cc26b2de29,Carta abierta a Ricaurte  Catín  Vásquez a su salida de la ACP,https://www.critica.com.pa/canasta/carta-abierta-ricaurte-catin-vasquez-su-salida-de-la-acp-515964,critica.com.pa,es,,2026-09-07T22:45:00Z,2026-10-06T22:50:47.899Z,,gdelt_doc,titular,,
N-20af6ec4ab,Nathalee Aranda conquista el primer oro de Panamá en Santa Fe 2026,https://www.prensa.com/deportes/nathalee-aranda-conquista-el-primer-oro-de-panama-en-santa-fe-2026/,prensa.com,es,,2026-09-23T03:30:00Z,2026-10-06T22:50:47.899Z,,gdelt_doc,titular,,
N-7d52612b6c,Teleférico de San Miguelito tiene $103 millones en el presupuesto de 2027,https://www.prensa.com/sociedad/teleferico-de-san-miguelito-tiene-103-millones-en-el-presupuesto-de-2027/,prensa.com,es,,2026-09-11T05:15:00Z,2026-10-06T22:50:47.899Z,,gdelt_doc,titular,,
N-71fa32120f,Ilya Espino de Marotta hace historia al asumir la administración del Canal de Panamá,https://www.panamaamerica.com.pa/economia/ilya-espino-de-marotta-hace-historia-al-asumir-la-administracion-del-canal-de-panama,panamaamerica.com.pa,es,,2026-09-07T16:45:00Z,2026-10-06T22:50:47.899Z,,gdelt_doc,titular,,
N-34fdf830e4,"Con pasaporte diplomático , un funcionario panameño y por mar : así fue el último intento de María Corina Machado por regresar a Venezuela",https://www.prensa.com/politica/con-pasaporte-diplomatico-un-funcionario-panameno-y-por-mar-asi-fue-el-ultimo-intento-de-maria-corina-machado-por-regresar-a-venezuela/,prensa.com,es,,2026-09-23T19:45:00Z,2026-10-06T22:50:47.899Z,,gdelt_doc,titular,,
N-48ce3950e6,Registro Oficial de Ofensores Sexuales estará disponible en las próximas semanas,https://www.telemetro.com/nacionales/registro-oficial-ofensores-sexuales-estara-disponible-las-proximas-semanas-n6091258,telemetro.com,es,,2026-09-09T19:15:00Z,2026-10-06T22:50:47.899Z,,gdelt_doc,titular,,
N-1f1db13dbe,"Apademar alerta de  crisi en el registro de buques de Panamá , tras pérdida de liderazgo en tonelaje",https://www.laestrella.com.pa/economia/apademar-alerta-de-crisis-en-el-registro-de-buques-de-panama-tras-perdida-de-liderazgo-en-tonelaje-CL25952716,laestrella.com.pa,es,,2026-09-24T19:30:00Z,2026-10-06T22:50:47.899Z,,gdelt_doc,titular,,
N-5822fb635a,Ejecutivo frena ley que proponía descuento del 25% en seguros a los 'buenos conductores',https://www.tvn-2.com/nacionales/presidente-jose-raul-mulino-veta-proyecto-seguro-obligatorio-asamblea-nacional-ley-descuento-buenos-conductores_1_2213308.html,tvn-2.com,es,2025-10-31T23:55:16.000Z,,2026-10-07T00:38:37.185Z,,tvn_sitemap,titular+descripcion,El presidente Mulino devolvió a la Asamblea el proyecto de seguro obligatorio por “inconveniente e inexequible”.,
N-af4ad2701b,Enfermedad cerebrovascular: segunda causa de muerte en Panamá y con incremento de incidencia en jóvenes,https://www.tvn-2.com/nacionales/enfermedad-cerebrovascular-causa-muerte-adultos-mayores-jovenes_1_2212841.html,tvn-2.com,es,2025-10-29T14:24:37.000Z,,2026-10-07T00:38:38.292Z,,tvn_sitemap,titular+descripcion,"Los accidentes cerebrovasculares ocurren cuando un vaso sanguíneo del cerebro se obstruye o se rompe, lo que puede derivar en un infarto o hemorragia cerebral.",
N-42e0932b27,Residentes de Ivu Dos Pinos denuncian colapso del sistema de aguas residuales en David,https://www.tvn-2.com/nacionales/residentes-chiriqui-denuncian-colapso-sistema-de-aguas-residuales_1_2212417.html,tvn-2.com,es,2025-10-26T18:30:02.000Z,,2026-10-07T00:38:39.396Z,,tvn_sitemap,titular+descripcion,"Los moradores han solicitado a las autoridades locales y al Gobierno Central que se ejecuten trabajos urgentes de adecuación del sistema sanitario, el cual, según indican, lleva más de seis meses presentando fallas.",
N-6949bfc69b,'Tienen que meterse la lengua': la respuesta de Mulino a quienes hablaron de bases militares extranjeras en Panamá,https://www.tvn-2.com/nacionales/meterse-lengua-respuesta-mulino-hablaron-bases-militares-extranjeras-en-panama_1_2211978.html,tvn-2.com,es,2025-10-23T15:27:41.000Z,,2026-10-07T00:38:40.506Z,,tvn_sitemap,titular+descripcion,"Mulino recalcó que su administración ha mantenido una posición “digna, patriótica y de frente” en defensa de los intereses nacionales, especialmente en temas relacionados con el canal de Panamá.",
N-cb0eba9770,Alcaldía de San Miguelito anuncia últimas semanas para aprovechar la Moratoria 2025,https://www.tvn-2.com/nacionales/alcaldia-san-miguelito-anuncia-ultima-semana-moratoria_1_2211477.html,tvn-2.com,es,2025-10-20T21:31:23.000Z,,2026-10-07T00:38:41.612Z,,tvn_sitemap,titular+descripcion,Contribuyentes podrán obtener descuentos de hasta el 70% en recargos y multas hasta el 31 de octubre.,
N-5f11fbefb7,Detienen a 5 personas por falsificación de cheque de casi medio millón de dólares,https://www.tvn-2.com/nacionales/detienen-personas-funcionarios-falsificacion-cheque-medio-millon_1_2210985.html,tvn-2.com,es,2025-10-17T00:46:43.000Z,,2026-10-07T00:38:42.719Z,,tvn_sitemap,titular+descripcion,"Al menos cinco personas —entre ellas una colaboradora y una excolaboradora de una entidad bancaria local, así como tres particulares— fueron aprehendidas este jueves 16 de octubre por su presunta vinculación con la falsificación de un cheque por",
N-82be7be0e1,"Paritilla despide con dolor a Selinda Córdoba, la joven asesinada por su expareja en un parque público",https://www.tvn-2.com/nacionales/selina-cordoba-femicidio-sepelio-tonosi-despide-dolor-aguadulce_1_2210480.html,tvn-2.com,es,2025-10-14T16:52:43.000Z,,2026-10-07T00:38:43.837Z,,tvn_sitemap,titular+descripcion,"Selinda, descrita por sus seres queridos como una joven estudiosa, responsable y muy querida, se encontraba cerca de culminar sus estudios universitarios.",
N-97c0d5865d,Universidad de Panamá: Talento y creatividad en el Film Fashion & Music Show 2025,https://www.tvn-2.com/nacionales/universidad-panama-talento-creatividad-film_1_2209898.html,tvn-2.com,es,2025-10-09T20:44:21.000Z,,2026-10-07T00:38:44.945Z,,tvn_sitemap,titular+descripcion,"La Universidad de Panamá celebró su 90 años con una gala que unió arte, moda y música en el parlatino .",
N-7d8eb85f77,San Miguelito: solo 626 mujeres y 7 hombres se han hecho exámenes preventivos de cáncer,https://www.tvn-2.com/nacionales/san-miguelito-prevencion-cancer-minsa-advierte-ciudadanos-no-se-hacen-examenes-octubre-mes-de-la-cinta-rosada-y-celeste_1_2209533.html,tvn-2.com,es,2025-10-07T19:20:16.000Z,,2026-10-07T00:38:46.046Z,,tvn_sitemap,titular+descripcion,"Yaviletsy Centella, representante regional del Ministerio de Salud (Minsa), explicó que estas acciones buscan promover el autocuidado y la detección temprana.",
N-c8264b7cd8,"Bocas del Toro: Hallan cuerpo semienterrado en el sector de Milla 11, distrito de Changuinola",https://www.tvn-2.com/nacionales/bocas-del-toro-hallan-cuerpo-semienterrado-milla-11_1_2209043.html,tvn-2.com,es,2025-10-04T00:19:52.000Z,,2026-10-07T00:38:47.141Z,,tvn_sitemap,titular+descripcion,"Al lugar acudieron unidades del departamento de criminalística de la Dirección de Investigación Judicial (DIJ), que iniciaron las primeras diligencias.",
N-78de4e7e97,Día del Maestro: Realizan misa para conmemorar la laborar los educadores y su impacto en la sociedad,https://www.tvn-2.com/nacionales/dia-realizan-misa-conmemorar-maestro_1_2216930.html,tvn-2.com,es,2025-11-30T22:16:20.000Z,,2026-10-07T00:38:48.245Z,,tvn_sitemap,titular+descripcion,"Este lunes 1 de diciembre se conmemora el Día del Educador, y en la víspera de la celebración, la jornada inició con una eucaristía para recordar los retos y el profundo significado de esta profesión.",
N-b2c60a4199,Universidad de Panamá lidera con 41 investigadores dentro del Sistema Nacional de Investigación,https://www.tvn-2.com/nacionales/universidad-panama-lidera-41-investigadores_1_2216564.html,tvn-2.com,es,2025-11-27T18:16:50.000Z,,2026-10-07T00:38:49.351Z,,tvn_sitemap,titular+descripcion,La Universidad de Panamá reafirma su liderazgo científico y académico al encabezar el listado de instituciones.,
N-989ebfaf89,Mulino sanciona ley que hace público el Registro Oficial de Ofensores Sexuales,https://www.tvn-2.com/nacionales/jose-raul-mulino-sanciona-ley-publico-registro-oficial-de-ofensores-sexuales_1_2216188.html,tvn-2.com,es,2025-11-25T02:23:41.000Z,,2026-10-07T00:38:50.470Z,,tvn_sitemap,titular+descripcion,"La normativa crea y regula el Sistema Nacional de Registro Oficial de Ofensores Sexuales, que contendrá información detallada de personas mayores de edad que hayan sido condenadas—o estén cumpliendo condena—mediante sentencia ejecutoriada por delitos sexuales, explotación sexual de menores, trata de personas o cualquier delito contra la libertad e integridad sexual.",
N-8254ecd6d6,Salario mínimo: comisión trabajará cada miércoles mientras aumenta la preocupación empresarial,https://www.tvn-2.com/nacionales/salario-minimo-comision-trabajara-miercoles-por-cuatro-semanas_1_2215777.html,tvn-2.com,es,2025-11-21T01:09:05.000Z,,2026-10-07T00:38:51.593Z,,tvn_sitemap,titular+descripcion,"Aunque persisten preocupaciones del sector privado, el ambiente en las conversaciones ha sido descrito como positivo y distinto al de procesos anteriores, indicó la ministra.",
N-228150b596,Metro de Panamá contratará de manera directa al Consorcio PM para supervisar la extensión de la Línea 1,https://www.tvn-2.com/nacionales/metro-de-panama-contratara-forma-directa-consorcio-pm-extension-line-1-villa-zaita_1_2215440.html,tvn-2.com,es,2025-11-18T22:52:56.000Z,,2026-10-07T00:38:52.703Z,,tvn_sitemap,titular+descripcion,"La resolución explica que se hace necesario contratar por vía excepcional para cubrir esos servicios de Project Management (PM) durante 22 meses, del 1 de junio de 2024 al 31 de marzo de 2026.",
N-1f80a6669e,Fundación Spay Panamá llega a las 400 mil esterilizaciones en el país con la gata Akira,https://www.tvn-2.com/nacionales/fundacion-spay-panama-llega-esterilizacion-akira-gatos-perros_1_2215102.html,tvn-2.com,es,2025-11-15T22:20:45.000Z,,2026-10-07T00:38:53.820Z,,tvn_sitemap,titular+descripcion,"Sus cuidadores, Yulani Gutiérrez y Alan Rodríguez, explicaron que la felina solía intentar escaparse durante sus periodos de celo, y que en las áreas rurales no siempre hay acceso a programas de esterilización a bajo costo.",
N-c46395b64b,Medida de cierre en isla Escudo de Veraguas podría replicarse en otras áreas protegidas,https://www.tvn-2.com/nacionales/isla-escudo-de-veraguas-bocas-del-toro-ministerio-de-ambiente-turismo-pesca-ilegal_1_2214756.html,tvn-2.com,es,2025-11-13T12:53:15.000Z,,2026-10-07T00:38:54.930Z,,tvn_sitemap,titular+descripcion,MiAmbiente detectó uso de cloro y trasiego de combustible en inspección a isla Escudo de Veraguas.,
N-35197ebf83,"Más de 700 personas fueron aprehendidas en las últimas 72 horas a nivel nacional, informa la Policía Nacional",https://www.tvn-2.com/nacionales/personas-aprehensiones-allanamiento-policia-nacional_1_2214423.html,tvn-2.com,es,2025-11-10T21:29:19.000Z,,2026-10-07T00:38:56.060Z,,tvn_sitemap,titular+descripcion,"En materia de tránsito, la institución indicó que los agentes colocaron 3,365 boletas por diversas infracciones, entre las que destacan 556 por exceso de velocidad, 179 por luces no adecuadas, 79 por licencias vencidas, 45 por embriaguez comprobada y 35 por uso del celular mientras se conduce.",
N-3d9d1cf132,"Junta Comunal retoma trabajos de aceras inconclusas en Paraíso, San Miguelito",https://www.tvn-2.com/nacionales/junta-comunal-retoma-trrabajos-aceras-paraiso-san-miguelito_1_2214066.html,tvn-2.com,es,2025-11-07T15:09:49.000Z,,2026-10-07T00:38:57.168Z,,tvn_sitemap,titular+descripcion,"Los residentes esperan que la alcaldía retome el proyecto formalmente en 2026, de manera que se complete la infraestructura que ha estado pendiente por casi una década.",
N-c1d284283b,Fiestas patrias 2025: Panameños celebran el Día de los Símbolos Patrios con desfiles en la vía España,https://www.tvn-2.com/nacionales/fiestas-patrias-2025-panamenos-celebran_1_2213713.html,tvn-2.com,es,2025-11-04T17:42:28.000Z,,2026-10-07T00:38:58.288Z,,tvn_sitemap,titular+descripcion,"Pese a la lluvia tempranera, desde las primeras horas de este martes decenas de estudiantes, docentes y familias se dieron cita en la",
N-478f2d1e0e,"Bajan los homicidios, pero sube la violencia doméstica, advierte informe de Seguridad",https://www.tvn-2.com/nacionales/bajan-homicidios-sube-violencia-domestica_1_2220753.html,tvn-2.com,es,2025-12-31T23:52:54.000Z,,2026-10-07T00:38:59.394Z,,tvn_sitemap,titular+descripcion,"Durante el informe se analizaron las cifras de homicidios a nivel nacional, así como los avances en temas migratorios relacionados con la deportación y expulsión de migrantes.",
N-2783a2a3f5,Policía rescata a seis tripulantes tras desperfecto de embarcación cerca de isla Flamenco,https://www.tvn-2.com/nacionales/policia-rescata-seis-tripulantes-desperfecto-isla-flamenco_1_2220321.html,tvn-2.com,es,2025-12-29T14:00:05.000Z,,2026-10-07T00:39:00.495Z,,tvn_sitemap,titular+descripcion,Un total de seis personas fueron rescatadas por unidades de la,
N-5862975bf7,Sendero de La Cruz reabrirá en enero de 2026 tras inversión millonaria en Altos de Campana,https://www.tvn-2.com/nacionales/sendero-de-la-cruz-reabrira-enero-reserva-biologica-altos-de-campana_1_2219937.html,tvn-2.com,es,2025-12-24T22:47:52.000Z,,2026-10-07T00:39:01.601Z,,tvn_sitemap,titular+descripcion,"Las obras, que buscan mejorar la experiencia de los visitantes y fortalecer la conservación ambiental, representan una inversión de $2.5 millones, financiada por el Banco Interamericano de Desarrollo (BID).",
N-265cc5c66b,Aduana decomisa 300 sacos de cebollas en Chiriquí; conductor no presentó documentación,https://www.tvn-2.com/nacionales/provincias/aduana-decomisa-300-cebollas-chiriqui_1_2219569.html,tvn-2.com,es,2025-12-21T22:59:00.000Z,,2026-10-07T00:39:02.707Z,,tvn_sitemap,titular+descripcion,El decomiso se produjo luego de que el conductor del transporte no presentara la documentación requerida para movilizar el producto.,
N-c8c6e7568e,ENA celebra la Navidad con niños de San Miguelito a través del deporte,https://www.tvn-2.com/economia/empresas/publirreportajes/ena-celebra-navidad-ninos-san_1_2219267.html,tvn-2.com,es,2025-12-18T21:51:52.000Z,,2026-10-07T00:39:03.814Z,,tvn_sitemap,titular+descripcion,"La actividad contó con la participación especial de los futbolistas Juan Ramón Solís y Gabriel Torres, quienes compartieron con los niños y niñas, motivándolos a soñar en grande.",
N-60a75461ca,Hallan cuerpo de un hombre en la autopista Panamá–Colón,https://www.tvn-2.com/nacionales/colon-autopista-panama-colon-cuerpo-hombre-cuneta_1_2218926.html,tvn-2.com,es,2025-12-16T17:57:00.000Z,,2026-10-07T00:39:04.927Z,,tvn_sitemap,titular+descripcion,"Hasta noviembre de este año, el Ministerio Público registró 107 homicidios en la provincia.",
N-5bc6ce637d,MIDES realiza sexta jornada de pago de prestaciones a exfuncionarios,https://www.tvn-2.com/nacionales/mides-realiza-sexta-jornada-pago_1_2218553.html,tvn-2.com,es,2025-12-12T22:02:05.000Z,,2026-10-07T00:39:06.032Z,,tvn_sitemap,titular+descripcion,"Durante la jornada se entregaron más de 70 cheques, como parte del proceso de cancelación de obligaciones pendientes.",
N-c4f03db33f,Dipred atendió a 28 mil jóvenes en riesgo en 2025 con programas de prevención del delito,https://www.tvn-2.com/nacionales/dipred-atendio-28-mil-jovenes-en-riesgo-prevencion-delito_1_2218170.html,tvn-2.com,es,2025-12-10T13:17:18.000Z,,2026-10-07T00:39:07.147Z,,tvn_sitemap,titular+descripcion,"La meta de ampliar la cobertura en 2026, Dipred apuesta por fortalecer los programas en los barrios más vulnerables y mantener el acompañamiento directo a jóvenes que han demostrado mejoras sostenidas gracias a estas iniciativas.",
N-12f35eec7f,Personas con discapacidad visual alcanzan la cima del Cerro Peñón del Norte en una jornada de inclusión,https://www.tvn-2.com/nacionales/personas-discapacidad-visual-alcanzan-cima_1_2217802.html,tvn-2.com,es,2025-12-07T01:19:47.000Z,,2026-10-07T00:39:08.271Z,,tvn_sitemap,titular+descripcion,La caminata forma parte de un programa que promueve experiencias seguras de senderismo para personas con discapacidad visua.,
N-d839708c5d,Reformas a la ley de la Unachi: Asesores cuestionan artículo que 'bajaría el nivel académico' en nombramiento docente,https://www.tvn-2.com/nacionales/reformas-ley-universidad-autonoma-de-chiriqui-asesores-cuestionan-articulo-bajaria-nivel-academico-nombramiento-docente_1_2217390.html,tvn-2.com,es,2025-12-04T00:04:31.000Z,,2026-10-07T00:39:09.377Z,,tvn_sitemap,titular+descripcion,"Actualmente, se exige maestría en la especialidad y estudios en docencia superior; sin embargo, el nuevo proyecto elimina el requisito de maestría en especialidad para dictar clases.",
N-dc3f42a0a5,Detectan más de 200 productos irregulares en operativos de la Acodeco en Changuinola,https://www.tvn-2.com/nacionales/provincias/detectan-productos-irregulares-operativos-acodeco-bocas-del-toro_1_2225420.html,tvn-2.com,es,2026-01-31T22:49:05.000Z,,2026-10-07T00:39:10.487Z,,tvn_sitemap,titular+descripcion,"Durante las inspecciones, las autoridades ubican en estanterías medicamentos de uso veterinario y productos agroveterinarios con irregularidades, además de artículos de consumo humano que incumplen normas de comercialización.",
N-0b7d52f6f8,Asamblea aprueba programa de pasantías para jóvenes de 18 a 25 años,https://www.tvn-2.com/nacionales/asamblea-aprueba-programa-pasantias-jovenes_1_2225019.html,tvn-2.com,es,2026-01-29T02:30:01.000Z,,2026-10-07T00:39:11.593Z,,tvn_sitemap,titular+descripcion,"El programa permitirá a los jóvenes panameños poner en práctica sus talentos, destrezas y conocimientos, al tiempo que se integran al entorno productivo bajo condiciones seguras y formativas.",
N-d301ccefe4,Antai sanciona a 11 funcionarios tras investigaciones; algunos mantenían nombrados a familiares en la entidad,https://www.tvn-2.com/nacionales/antai-sanciona-funcionarios-nepotismo-loteria-nacional-de-beneficencia_1_2224596.html,tvn-2.com,es,2026-01-26T20:22:54.000Z,,2026-10-07T00:39:12.700Z,,tvn_sitemap,titular+descripcion,"Uno de los casos más relevantes surgió a partir de una denuncia anónima contra cuatro funcionarias de la Lotería Nacional de Beneficencia, por un presunto nepotismo en la Dirección de Recursos Humanos.",
N-226b07f798,Dictan medidas cautelares a médico acusado de mala praxis en La Chorrera,https://www.tvn-2.com/nacionales/dictan-medidas-cautelares-medico-acusado_1_2224126.html,tvn-2.com,es,2026-01-23T11:25:46.000Z,,2026-10-07T00:39:13.890Z,,tvn_sitemap,titular+descripcion,"En tanto, el Ministerio de Salud, por medio de un comunicado, informó que la persona en cuestión laboró por turnos en el hospital y año mencionado y que actualmente no mantiene relación laboral con la institución.",
N-60624c4322,¡Cuidado con el sol! Alerta por radiación UV extrema en Panamá: Imhpa emite aviso de vigilancia,https://www.tvn-2.com/nacionales/alerta-radiacion-uv-extrema-panama-imhpa_1_2223688.html,tvn-2.com,es,2026-01-20T20:04:13.000Z,,2026-10-07T00:39:15.000Z,,tvn_sitemap,titular+descripcion,"Durante los próximos días, se esperan condiciones atmosféricas estables, con poca nubosidad y ambiente seco, lo que favorece una mayor incidencia de rayos solares.",
N-5889d37db3,Jorge Herrera destaca acercamiento legislativo con EEUU tras reunión en la Asamblea,https://www.tvn-2.com/nacionales/jorge-herrera-destaca-acercamiento-legislativo-estados-unidos_1_2223233.html,tvn-2.com,es,2026-01-17T18:57:23.000Z,,2026-10-07T00:39:16.106Z,,tvn_sitemap,titular+descripcion,"Las declaraciones de Herrera se dieron durante su participación en el desfile de las Mil Polleras, celebrado en la ciudad de Las Tablas, provincia de Los Santos.",
N-4288331183,Tribunal revoca absolución y condena a Federico “Pepe” Suárez a ocho años por el caso Autopista Arraiján–La Chorrera,https://www.tvn-2.com/nacionales/judicial/tribunal-revoca-absolucion-condena-federico-suarez-autopista-arraijan-la-chorrera_1_2222775.html,tvn-2.com,es,2026-01-14T19:18:43.000Z,,2026-10-07T00:39:17.207Z,,tvn_sitemap,titular+descripcion,"El fallo también alcanzó a otros implicados. Daniel Miguel Ochy, Lester Mendoza y Miguel González Martínez fueron sentenciados a ocho años de prisión, mientras que Alcides Velásquez recibió una condena de seis años.",
N-bbfd503929,Productores de Chiriquí reciben certificación de 'Buenas Prácticas Agrícolas' del MIDA,https://www.tvn-2.com/nacionales/productores-chiriqui-reciben-certificacion-ministerio-de-desarrollo-agropecuario_1_2222252.html,tvn-2.com,es,2026-01-11T23:11:14.000Z,,2026-10-07T00:39:18.312Z,,tvn_sitemap,titular+descripcion,"La entrega de los certificados se realizó durante un acto oficial encabezado por el ministro de Desarrollo Agropecuario, Roberto Linares, quien subrayó que esta certificación representa un sello de confianza que garantiza que los alimentos llegan al consumidor bajo condiciones seguras y sostenibles.",
N-8e94980ebc,'No podemos normalizar el miedo': Diputados denuncian ataques a patinadores en la Cinta Costera 3,https://www.tvn-2.com/nacionales/normalizar-miedo-diputados-denuncian-ataques-patinadores-cinta-costera-3_1_2221763.html,tvn-2.com,es,2026-01-08T01:52:09.000Z,,2026-10-07T00:39:19.425Z,,tvn_sitemap,titular+descripcion,"Los diputados coincidieron en que no se puede normalizar que estas áreas se conviertan en espacios de temor, ni permitir que grupos delictivos o pandillas desplacen a ciudadanos que realizan actividades deportivas y familiares en un lugar concebido para el uso público.",
N-9016200184,Alcaldía de Panamá realizará trabajos de mantenimiento a las piscinas municipales para temporada de verano,https://www.tvn-2.com/nacionales/alcaldia-panama-realizara-trabajos-mantenimiento_1_2221307.html,tvn-2.com,es,2026-01-05T19:59:15.000Z,,2026-10-07T00:39:20.543Z,,tvn_sitemap,titular+descripcion,"La Alcaldía de Panamá anunció la ejecución de los trabajos de mantenimiento preventivos que se darán en algunas piscinas municipales del distrito, como parte de la preparación de los espacios recreativos para la temporada de",
N-e6480aa34d,Más de 21 mil estudiantes iniciarán el año escolar 2026 en Herrera,https://www.tvn-2.com/nacionales/provincias/ministerio-de-educacion-herrera-educacion-estudiantes-ano-escolar-2026_1_2229667.html,tvn-2.com,es,2026-02-28T21:27:19.000Z,,2026-10-07T00:39:21.651Z,,tvn_sitemap,titular+descripcion,Autoridades regionales de Educación realizaron un recorrido de verificación por distintos centros escolares para constatar que las instalaciones estén en condiciones óptimas para recibir a estudiantes y docentes.,
N-dc06e8adae,"Yanibel, la pequeña maestra que siembra esperanza y educación en Boca de las Minas",https://www.tvn-2.com/nacionales/yanibel-pequena-maestra-siembra-esperanza-boca-las-minas-cocle-educacion_1_2229268.html,tvn-2.com,es,2026-02-26T01:31:52.000Z,,2026-10-07T00:39:22.756Z,,tvn_sitemap,titular+descripcion,"Para la comunidad, la iniciativa de Yanibel no solo impacta en lo académico, sino también en la cultura.",
N-b6dbd402a4,"La ATTT entregará 5,000 tarjetas escolares gratuitas a partir de este miércoles",https://www.tvn-2.com/nacionales/tarjetas-escolares-gratuitas-autoridad-de-transito-y-transporte-terrestre-estudiantes_1_2228830.html,tvn-2.com,es,2026-02-23T19:44:16.000Z,,2026-10-07T00:39:26.383Z,,tvn_sitemap,titular+descripcion,"La tarjeta escolar permite acceder al beneficio tarifario dentro del Sistema Integrado de Transporte Público Urbano, que incluye Metrobús y las líneas del Metro.",
N-ec362ebde7,Clima en Panamá: Lluvias intermitentes y aguaceros en el Caribe,https://www.tvn-2.com/nacionales/clima-panama-sol-lluvias-provincias-pronostico-del-tiempo_1_2228387.html,tvn-2.com,es,2026-02-20T11:30:16.000Z,,2026-10-07T00:39:28.673Z,,tvn_sitemap,titular+descripcion,"El calor continuará siendo protagonista. El comunicado detalla que “las temperaturas máximas oscilarán de 30°C a 34°C en el Pacífico, Caribe de 28°C a 31°C y Cordillera Central de 22ºC a 25ºC”, por lo que se recomienda a la población mantenerse hidratada y evitar la exposición prolongada al sol.",
N-eb9f4a8ca2,Activan bandera roja en ríos de Panamá Este por lluvias en zonas montañosas,https://www.tvn-2.com/nacionales/activan-bandera-roja-rios-panama-luvias-zonas-montanosas_1_2227959.html,tvn-2.com,es,2026-02-17T17:26:11.000Z,,2026-10-07T00:44:18.588Z,,tvn_sitemap,titular+descripcion,"Williams Castillo, oficial de Emergencia de",
N-b879fc02dd,"Hallan cuerpo sin vida en el río Sixaola, en la frontera entre Panamá y Costa Rica",https://www.tvn-2.com/nacionales/hallan-cuerpo-vida-rio-sixaola-ahogado_1_2227572.html,tvn-2.com,es,2026-02-14T00:41:27.000Z,,2026-10-07T00:44:21.148Z,,tvn_sitemap,titular+descripcion,"El hallazgo de un cuerpo sin vida fue reportado en la zona fronteriza entre Panamá y Costa Rica, específicamente en la comunidad de Sinostre, a orillas del río Sixaola.",
N-8ba6e55a15,Nuevo edificio del Instituto Oncológico duplicará capacidad de atención y fortalecerá red en Panamá,https://www.tvn-2.com/nacionales/nuevo-edificio-instituto-oncologico-duplicara_1_2227174.html,tvn-2.com,es,2026-02-11T20:34:52.000Z,,2026-10-07T00:44:22.685Z,,tvn_sitemap,titular+descripcion,"La infraestructura ampliará de manera considerable la capacidad instalada, mejorará la comodidad de los pacientes y optimizará las condiciones laborales del personal médico.",
N-4bef7114c8,Clima en Panamá: Aguaceros aislados en el Caribe y vientos para este lunes,https://www.tvn-2.com/nacionales/clima-panama-aguaceros-aislados-caribe-vientos-pronostico-tiempo-hoy_1_2226711.html,tvn-2.com,es,2026-02-09T10:46:25.000Z,,2026-10-07T00:44:24.199Z,,tvn_sitemap,titular,,
N-72e946f42e,Agroferias del IMA: Conoce el calendario para este viernes 6 de febrero,https://www.tvn-2.com/nacionales/agroferias-ima-conoce-calendario-viernes_1_2226261.html,tvn-2.com,es,2026-02-05T20:50:39.000Z,,2026-10-07T00:44:25.730Z,,tvn_sitemap,titular+descripcion,"Estas ferias libres que están activas a partir de las 8:00 a.m., se pueden adquirir los principales productos de la canasta básica a un bajo costo.",
N-e72eed6313,ATTT inicia inspección nacional de buses colegiales para el año lectivo 2026,https://www.tvn-2.com/nacionales/attt-inicia-inspeccion-nacional-buses_1_2225871.html,tvn-2.com,es,2026-02-03T18:11:26.000Z,,2026-10-07T00:44:26.904Z,,tvn_sitemap,titular+descripcion,"El director de la Autoridad de Tránsito y Transporte Terrestre, Simón Henríquez, explicó que las inspecciones comenzaron en la provincia de Chiriquí.",
N-8d1bd5d45f,"Trump dice que EEUU saldrá de Irán 'muy pronto', en dos o tres semanas",https://www.tvn-2.com/nacionales/donald-trump-dice-eeuu-saldra-iran-muy-pronto_1_2234423.html,tvn-2.com,es,2026-03-31T23:50:13.000Z,,2026-10-07T00:44:28.631Z,,tvn_sitemap,titular+descripcion,"El presidente estadounidense, que con sus ataques conjuntos con Israel abrió la crisis bélica más seria en Oriente Medio en décadas, ha oscilado entre las amenazas y la buena disposición a negociar con el régimen de Teherán.",
N-291f2a1540,Sinaproc llama a protegerse ante radiación solar que podría causar quemaduras,https://www.tvn-2.com/nacionales/sinaproc-llama-protegerse-radiacion-solar-clima-panama_1_2233924.html,tvn-2.com,es,2026-03-28T17:30:10.000Z,,2026-10-07T00:44:30.274Z,,tvn_sitemap,titular+descripcion,"La entidad advirtió que “ante los elevados índices de radiación UV-B, la población debe seguir recomendaciones para el cuidado y prevención de quemaduras o cáncer de piel”.",
N-eb78aaa7f2,Ministro Chapman defiende medidas adoptadas por el Gobierno ante alza de precio de los combustibles,https://www.tvn-2.com/nacionales/ministro-felipe-chapman-advierte-medidas-gobierno-alza-combustible-subiran-tarifas-transporte-gas-luz-economia-panama_1_2233426.html,tvn-2.com,es,2026-03-25T17:55:59.000Z,,2026-10-07T00:44:31.828Z,,tvn_sitemap,titular+descripcion,"En paralelo, el gobierno convocó a una reunión con sectores transportistas para analizar el impacto del aumento en el precio del combustible.",
N-e563a1eaa4,Buques de guerra de Estados Unidos llegarán a Panamá como parte de ejercicios 'Southern Seas 2026',https://www.tvn-2.com/nacionales/buques-de-guerra-estados-unidos-llegaran-panama-uss-nimitz_1_2232936.html,tvn-2.com,es,2026-03-22T16:09:41.000Z,,2026-10-07T00:44:33.230Z,,tvn_sitemap,titular+descripcion,Ambas embarcaciones zarparon el pasado 12 de marzo desde la costa oeste de Estados Unidos y tienen previsto atravesar el estrecho de Magallanes antes de reposicionarse en la costa este de ese país el próximo 20 de junio.,
N-1b4f378928,Ciberataques al sistema bancario generan pérdidas millonarias y encienden alertas en Panamá,https://www.tvn-2.com/nacionales/ciberataques-sistema-bancario-generan-perdidas_1_2232510.html,tvn-2.com,es,2026-03-19T01:43:02.000Z,,2026-10-07T00:44:34.851Z,,tvn_sitemap,titular+descripcion,"Durante el VI Congreso Internacional de Ciberseguridad y Protección de Datos, autoridades y representantes del sector financiero advirtieron sobre el incremento de",
N-d6fd6bae54,Fiscalía investiga 'tráfico de influencias' en contrato millonario de software para revisado vehicular con la ATTT,https://www.tvn-2.com/nacionales/fiscalia-investiga-contrato-revisado-vehicular-trafico-de-influencias-autoridad-de-transito_1_2232055.html,tvn-2.com,es,2026-03-16T17:07:15.000Z,,2026-10-07T00:44:36.238Z,,tvn_sitemap,titular+descripcion,"La investigación se desarrolla por posibles delitos contra la administración pública en las modalidades de peculado en distintas formas y tráfico de influencias, vinculados a la adjudicación de un contrato refrendado el 22 de marzo de 2023 por un monto de 1 millón 462 mil 572 dólares.",
N-d07746494e,"Canciller de Ucrania, Andrii Sybiha, llega a Panamá para suscribir acuerdos bilaterales",https://www.tvn-2.com/nacionales/canciller-ucrania-andrii-sybiha-llega_1_2231541.html,tvn-2.com,es,2026-03-12T20:55:36.000Z,,2026-10-07T00:44:37.463Z,,tvn_sitemap,titular+descripcion,"Se trata de una hoja de ruta para el desarrollo de las relaciones entre Panamá y Ucrania, así como de un memorando de entendimiento sobre cooperación académica.",
N-f5cf635f5c,Exhibicionismo en carnavales y espacios públicos se castigará con hasta seis años de cárcel ¿Qué dice el proyecto?,https://www.tvn-2.com/nacionales/exhibicionismo-carnavales-espacios-publicos-castigara-seis-anos-carcel-proyecto-de-ley-manuel-cheng-asamblea-nacional_1_2231085.html,tvn-2.com,es,2026-03-10T12:39:25.000Z,,2026-10-07T00:44:38.953Z,,tvn_sitemap,titular+descripcion,"Entre los escenarios que motivaron la propuesta, Cheng mencionó situaciones registradas durante celebraciones masivas, donde se han reportado actos sexuales o desnudismo explícito en tarimas o espacios públicos, incluso en presencia de familias.",
N-ab2d69c0a9,La Senniaf deberá rendir informes mensuales a la directiva sobre los albergues bajo su paraguas,https://www.tvn-2.com/nacionales/senniaf-debera-rendir-informes-mensuales-mides_1_2230618.html,tvn-2.com,es,2026-03-06T20:48:11.000Z,,2026-10-07T00:44:42.703Z,,tvn_sitemap,titular+descripcion,"La medida fue adoptada luego de evaluar los resultados de inspecciones efectuadas en las instalaciones donde permanecen niños, niñas y adolescentes bajo protección del Estado.",
N-d5fa1411e9,"Obesidad, órganos enfermos y cáncer: una relación que va más allá de la apariencia física",https://www.tvn-2.com/nacionales/dia-mundial-de-la-obesidad-organos-enfermos-cancer-relacion-mas-alla-apariencia-fisica_1_2230195.html,tvn-2.com,es,2026-03-04T13:51:00.000Z,,2026-10-07T00:44:45.575Z,,tvn_sitemap,titular+descripcion,"Uno de los órganos más comprometidos es el hígado. El especialista explicó que el azúcar no utilizada como energía se transforma en triglicéridos, los cuales se acumulan en el abdomen y el hígado, afectando su función de desintoxicación y provocando inflamación generalizada.",
N-154dbcce88,Jorge Herrera justifica la no discusión del reglamento interno de la Asamblea: 'la agenda fue intensa',https://www.tvn-2.com/nacionales/asamblea-cierra-sesiones-ordinarias-jorge-herrera-reglamento-no-se-aprobo-agenda-intensa_1_2238923.html,tvn-2.com,es,2026-04-30T22:10:47.000Z,,2026-10-07T00:44:47.984Z,,tvn_sitemap,titular+descripcion,"Aun así, adelantó que insistirá en su discusión y confirmó que solicitó al presidente de la República incluirlo en la agenda de las sesiones extraordinarias.",
N-6a27f9c178,Autoridad Marítima inicia fase de estudio de mercado para reconstrucción del puerto de Almirante,https://www.tvn-2.com/nacionales/autoridad-maritima-de-panama-puerto-almirante-bocas-del-toro-inicia-estudio-mercado_1_2238493.html,tvn-2.com,es,2026-04-28T21:23:30.000Z,,2026-10-07T00:44:50.425Z,,tvn_sitemap,titular+descripcion,El periodo de recepción de información se mantendrá abierto hasta las 3:00 p.m. del jueves 14 de mayo de 2026.,
N-d05e8c9ffa,Mantienen detención provisional a uno de los implicados en homicidio de agente policial,https://www.tvn-2.com/nacionales/mantienen-detencion-provisional-implicados-homicidio_1_2237990.html,tvn-2.com,es,2026-04-25T00:13:28.000Z,,2026-10-07T00:44:52.113Z,,tvn_sitemap,titular+descripcion,Los magistrados ordenaron la detención por un periodo de seis meses mientras avanzan las investigaciones por el delito de homicidio doloso.,
N-e46b2b6c9c,Ricardo Martinelli sufre revés jurídico: Corte mantiene sentencia contra el expresidente en caso New Business,https://www.tvn-2.com/nacionales/judicial/ricardo-martinelli-corte-mantiene-sentencia-expresidente-caso-new-business_1_2237582.html,tvn-2.com,es,2026-04-22T20:27:35.000Z,,2026-10-07T00:44:53.850Z,,tvn_sitemap,titular+descripcion,"Estas demandas de inconstitucionalidad fueron acumuladas y, para atender este caso, quedaron radicadas en el despacho del magistrado Olmedo Arrocha.",
N-78eca77c5f,Donación del Club Kiwanis fortalece apoyo a niños del Hogar San Francisco de Asís,https://www.tvn-2.com/nacionales/provincias/donacion-club-kiwanis-fortalece-apoyo-hogar-san-francisco-asis-chiriqui_1_2236982.html,tvn-2.com,es,2026-04-20T00:15:43.000Z,,2026-10-07T00:44:55.319Z,,tvn_sitemap,titular+descripcion,"En el Hogar San Francisco de Asís, donde se atiende a niños provenientes de distintos puntos de la provincia, se reconoce la importancia de este tipo de aportes. Allí, las carencias son una realidad constante que requiere atención permanente.",
N-71dc61be1f,"Lanzan el Jazz Experience, por primera vez en Pedasí el próximo 30 de mayo",https://www.tvn-2.com/nacionales/ministerio-de-cultura-jazz-experience-primera-vez-pedasi-30-de-mayo_1_2236687.html,tvn-2.com,es,2026-04-16T18:49:33.000Z,,2026-10-07T00:44:56.752Z,,tvn_sitemap,titular+descripcion,"En paralelo, el Ministerio de Cultura desarrollará el Festival de Grupos de Cámara del 7 al 16 de mayo en la Ciudad de las Artes, con presentaciones orquestales y un cierre en El Valle de Antón.",
N-29cd54de71,Dino Mon brinda detalles de polémico viaje a Brasil; Antai se declara sin competencia y archiva el caso,https://www.tvn-2.com/nacionales/dino-mon-viaje-brasil-antai-archiva-caso-caja-de-seguro-social_1_2236258.html,tvn-2.com,es,2026-04-14T14:47:33.000Z,,2026-10-07T00:44:58.426Z,,tvn_sitemap,titular+descripcion,"En un comunicado al país, el funcionario afirmó que decidió pronunciarse con “claridad y transparencia”, y destacó que ha actuado conforme a la ley.",
N-7e3d9cfb96,Contraloría niega que irrumpió en diligencias del Ministerio Público; explican la presencia del contralor Flores en la Fiscalía,https://www.tvn-2.com/nacionales/contraloria-niega-irrumpio-diligencias-ministerio-publico-fiscalia_1_2235747.html,tvn-2.com,es,2026-04-10T19:52:25.000Z,,2026-10-07T00:45:00.006Z,,tvn_sitemap,titular+descripcion,"La visita del contralor Anel Flores a las instalaciones de la Fiscalía respondió exclusivamente a la necesidad de conocer la situación de auditores de la institución que estaban siendo entrevistados por más de ocho horas, indican en comunicado.",
N-ed11ff4b40,Flujo de pasajeros disminuye en la Terminal de Albrook tras contingencia,https://www.tvn-2.com/nacionales/flujo-pasajeros-disminuye-terminal-albrook_1_2235307.html,tvn-2.com,es,2026-04-08T01:12:18.000Z,,2026-10-07T00:45:01.644Z,,tvn_sitemap,titular+descripcion,"Entre las medidas adoptadas, destaca el uso de buses de MiBus, que han sido clave para atender la demanda.",
N-d2c43df3e2,Semana Santa: Más de 80 mil vehículos se movilizaron hacia el interior; Sinaproc ha atendido 12 rescates,https://www.tvn-2.com/nacionales/semana-santa-panama-sinaproc-attt_1_2234848.html,tvn-2.com,es,2026-04-04T19:50:20.000Z,,2026-10-07T00:45:03.360Z,,tvn_sitemap,titular+descripcion,"Las autoridades rindieron un informe desde el Centro de Operaciones de Santa María, en la provincia de Herrera, donde ofrecieron un primer balance sobre el movimiento vehicular y las acciones de seguridad durante los días de",
N-f53f7ae598,Presidenta de la Corte Suprema sobre el Estado de derecho: 'Todos debemos respetar los procedimientos',https://www.tvn-2.com/nacionales/corte-suprema-de-justicia-maria-cristina-chen-defiende-independencia-judicial_1_2243552.html,tvn-2.com,es,2026-05-31T18:17:24.000Z,,2026-10-07T00:45:05.040Z,,tvn_sitemap,titular+descripcion,"Durante sus declaraciones, Chen Stanziola destacó que los sistemas judiciales están en constante evolución con el objetivo de responder de manera más eficiente a las necesidades de la sociedad y fortalecer la impartición de justicia.",
N-91dc0c0189,Ministro Frank Ábrego cuestiona decisiones judiciales tras capturas de delincuentes: 'Los jueces solo los ponen a firmar',https://www.tvn-2.com/nacionales/ministro-de-seguridad-frank-abrego-cuestiona-decisiones-judiciales-capturas_1_2243093.html,tvn-2.com,es,2026-05-28T15:03:45.000Z,,2026-10-07T00:45:06.791Z,,tvn_sitemap,titular+descripcion,El ministro Frank Ábrego criticó que jueces otorguen medidas cautelares leves a personas capturadas en operativos policiales.,
N-759061a50a,¡A 10 centavos la libra! El IMA pondrá a la venta cebolla a precios de otra época,https://www.tvn-2.com/nacionales/cebolla-cinco-libras-50-centavos-ima_1_2242612.html,tvn-2.com,es,2026-05-25T20:50:59.000Z,,2026-10-07T00:45:08.357Z,,tvn_sitemap,titular+descripcion,"El Instituto de Mercadeo Agropecuario anunció la venta de cebolla nacional a bajo costo en sus tiendas y ferias. El producto tendrá un precio de 5 libras por $0.50, con un máximo de compra de 25 libras por persona.",
N-119399a64d,"Fenómeno de El Niño ya impacta temperaturas, pesca y lluvias en Panamá",https://www.tvn-2.com/nacionales/fenomeno-nino-impacta-temperaturas-pesca-lluvias-instituto-de-meteorologia-e-hidrologia-de-panama_1_2242150.html,tvn-2.com,es,2026-05-22T12:57:28.000Z,,2026-10-07T00:45:09.739Z,,tvn_sitemap,titular+descripcion,"Ante esta situación, el Imhpa mantiene un aviso por altas temperaturas y sensación térmica elevada en varias regiones del país.",
N-c18c874c44,Migración deporta y expulsa a 35 ciudadanos nicaragüenses por violaciones a la normativa migratoria,https://www.tvn-2.com/nacionales/migracion-deporta-expulsa-35-ciudadanos-nicaraguenses_1_2241696.html,tvn-2.com,es,2026-05-19T20:52:13.000Z,,2026-10-07T00:45:12.061Z,,tvn_sitemap,titular+descripcion,"Algunos de estos ciudadanos mantenían antecedentes criminales en los Estados Unidos, así como registros relacionados con posesión de drogas.",
N-033ffbff19,El síndrome de ovarios poliquísticos tendrá un nuevo nombre: esto es lo que cambia,https://www.tvn-2.com/nacionales/sindrome-ovarios-poliquisticos-tendra-nuevo_1_2241246.html,tvn-2.com,es,2026-05-16T01:45:21.000Z,,2026-10-07T00:45:13.674Z,,tvn_sitemap,titular+descripcion,"El síndrome de ovarios poliquísticos, una de las condiciones hormonales más comunes entre mujeres en edad reproductiva, cambiará oficialmente de nombre luego de años de debate dentro de la comunidad médica internacional.",
N-161b51b2fb,"Panamá y República Dominicana conversan sobre comercio, turismo y seguridad regional",https://www.tvn-2.com/nacionales/panama-republica-dominicana-conversan-comercio-turismo-seguridad-regional_1_2240799.html,tvn-2.com,es,2026-05-13T18:54:47.000Z,,2026-10-07T00:45:15.287Z,,tvn_sitemap,titular+descripcion,"Durante la reunión se trató la posibilidad de ampliar el intercambio de bienes entre Panamá y República Dominicana, aprovechando las facilidades que ofrecen las zonas francas de ambos países.",
N-c221eb4c3d,¡Desde Júpiter hasta Saturno! Niños y jóvenes descubren el universo en jornada astronómica en Natá,https://www.tvn-2.com/nacionales/provincias/jupiter-saturno-ninos-jovenes-descubren_1_2240349.html,tvn-2.com,es,2026-05-10T21:05:17.000Z,,2026-10-07T00:45:16.840Z,,tvn_sitemap,titular+descripcion,El creciente interés por la astronomía en Panamá también ha estado marcado por la inauguración del Observatorio Astronómico en 2011.,
N-b4d57b61c7,Aprehenden a joven de 25 años por presuntamente haber abusado de su hermano,https://www.tvn-2.com/nacionales/aprehenden-joven-25-anos-presuntamente_1_2239903.html,tvn-2.com,es,2026-05-07T18:32:40.000Z,,2026-10-07T00:45:18.634Z,,tvn_sitemap,titular+descripcion,"La captura se realizó durante un allanamiento desarrollado como parte de la Operación Coraza, un operativo conjunto entre unidades de la Policía Nacional y el Ministerio Público en la provincia de Chiriquí.",
N-2cd1e2a476,El auge de los ‘bancos de celulares’ impulsa nuevas formas de fraude en América Latina,https://www.tvn-2.com/nacionales/auge-bancos-celulares-impulsa-nuevas_1_2239461.html,tvn-2.com,es,2026-05-05T01:49:06.000Z,,2026-10-07T00:45:20.264Z,,tvn_sitemap,titular+descripcion,"El uso de “bancos de celulares” o sistemas de llamadas clandestinas se ha convertido en una herramienta clave para el crimen organizado en América Latina, transformando dispositivos móviles en plataformas para ejecutar extorsiones, fraudes bancarios y otras actividades ilícitas de forma simultánea.",
N-10e566fc09,Brote gastrointestinal en Chiriquí obliga a suspender la Olimpiada Regional de Robótica WRO Panamá 2026,https://www.tvn-2.com/nacionales/brote-gastrointestinal-chiriqui-obliga-suspender_1_2248777.html,tvn-2.com,es,2026-06-30T23:29:24.000Z,,2026-10-07T00:45:21.826Z,,tvn_sitemap,titular+descripcion,"Fundesteam precisó que se informará una nueva fecha a los equipos, centros educativos y voluntarios una vez que la situación de salud se normalice y sea confirmada por las autoridades competentes.",
N-82c599c2e2,Canal ampliado cumple 10 años: la obra que triplicó la capacidad de carga y cambió la ruta marítima,https://www.tvn-2.com/nacionales/canal-ampliado-cumple-10-anos-triplico-capacidad-carga-cambio-ruta-maritima_1_2248216.html,tvn-2.com,es,2026-06-27T02:07:57.000Z,,2026-10-07T00:45:23.485Z,,tvn_sitemap,titular+descripcion,"Actualmente, los buques Neopanamax, como el que hoy cruza las nuevas esclusas, movilizan más del 52% del tonelaje que transita por el canal de Panamá.",
N-f9a83aa746,Alertan por condiciones marítimas adversas en el Caribe panameño,https://www.tvn-2.com/nacionales/alertan-condiciones-maritimas-adversas-caribe-panama_1_2247729.html,tvn-2.com,es,2026-06-24T18:12:33.000Z,,2026-10-07T00:45:25.087Z,,tvn_sitemap,titular+descripcion,"Las autoridades recomendaron extremar precauciones, especialmente a pescadores artesanales, operadores de embarcaciones pequeñas y bañistas.",
N-40eb756e2d,"Asamblea de la OEA en Panamá: multilateralismo, democracia y Venezuela marcan la agenda",https://www.tvn-2.com/nacionales/asamblea-general-oea-panama-conferencia-inaugural-javier-martinez-acha-albert-ramdin-reuniones-bilaterales_1_2247181.html,tvn-2.com,es,2026-06-21T18:23:00.000Z,,2026-10-07T00:45:26.677Z,,tvn_sitemap,titular+descripcion,"Panamá vuelve a ser el epicentro del diálogo hemisférico con una Asamblea General de la OEA enfocada en democracia, seguridad y las crisis en Venezuela, Nicaragua y Haití.",
N-7bf07d0d91,Pago del Cepanim: ¿Cuánto le descontarían si canjea hoy en el Banco Nacional? Se lo explicamos en esta nota,https://www.tvn-2.com/nacionales/cobrarian-canjea-cepanim-2026-banco-nacional-pago-mef_1_2246700.html,tvn-2.com,es,2026-06-18T16:45:00.000Z,,2026-10-07T00:45:28.110Z,,tvn_sitemap,titular+descripcion,"El Banco Nacional explicó que el sistema se basa en tasas de descuento anuales aplicadas, las cuales oscilan entre el 4.33% y el 5.00%, dependiendo del plazo de vencimiento de cada certificado.",
N-226f60b898,Evacúan el IPT de Veraguas tras reportarse estudiantes afectados por fuerte olor,https://www.tvn-2.com/nacionales/evacuan-ipt-veraguas-reportarse-estudiantes_1_2246126.html,tvn-2.com,es,2026-06-15T18:00:36.000Z,,2026-10-07T00:45:29.617Z,,tvn_sitemap,titular+descripcion,"Las autoridades del plantel ordenaron el desalojo de la población estudiantil por seguridad, mientras los bomberos investigan el origen de la presunta sustancia química.",
N-8090e58874,Agroferias del IMA: Conozca dónde se realizarán este viernes,https://www.tvn-2.com/nacionales/agroferias-ima-conozca-realizaran-viernes_1_2245532.html,tvn-2.com,es,2026-06-11T20:48:00.000Z,,2026-10-07T00:45:31.356Z,,tvn_sitemap,titular+descripcion,"En estas ferias libres que están activas a partir de las 8:00 a.m., se pueden adquirir los principales productos de la canasta básica a un bajo costo.",
N-6bfa158e29,Municipios recibirán $196 millones en fondos del Impuesto de Bienes Inmuebles para 2027,https://www.tvn-2.com/nacionales/municipios-recibiran-196-millones-fondos-impuesto-bienes-inmuebles-2027_1_2245083.html,tvn-2.com,es,2026-06-09T17:12:36.000Z,,2026-10-07T00:45:32.941Z,,tvn_sitemap,titular+descripcion,"Roxana Méndez, directora de la Autoridad de Descentralización, destacó que este logro es resultado de las gestiones sostenidas durante los últimos meses ante el MEF para asegurar que los municipios cuenten con los recursos que por ley les corresponden.",
N-a41a49d5e4,Sarampión: Minsa activa plan hospitalario ante riesgo de casos importados por viajes al Mundial,https://www.tvn-2.com/nacionales/sarampion-minsa-activa-plan-hospitalario_1_2244538.html,tvn-2.com,es,2026-06-06T00:49:15.000Z,,2026-10-07T00:45:34.686Z,,tvn_sitemap,titular+descripcion,Las autoridades sanitarias explicaron que muchos panameños viajarán a países donde actualmente se reportan casos de esta enfermedad altamente contagiosa.,
N-b2d3801334,"Integración entre la Caja de Seguro y el Minsa: expediente clínico único y compras conjuntas, entre las apuestas",https://www.tvn-2.com/nacionales/integracion-caja-de-seguro-social-minsa-expediente-clinico-unico-compras-insumos-conjuntas-salud-en-panama_1_2244088.html,tvn-2.com,es,2026-06-03T18:32:00.000Z,,2026-10-07T00:45:36.309Z,,tvn_sitemap,titular+descripcion,Expertos advierten que Panamá no puede seguir con sistemas de salud paralelos.,
N-00aa0269bf,Lamentable: Hombre muere tras recibir una descarga eléctrica mientras cosechaba mamón chino en Bugaba,https://www.tvn-2.com/nacionales/provincias/lamentable-hombre-muere-recibir-descarga-electrica-chiriqui_1_2253770.html,tvn-2.com,es,2026-07-31T23:38:12.000Z,,2026-10-07T00:45:37.659Z,,tvn_sitemap,titular+descripcion,"La víctima, de aproximadamente 30 años, realizaba labores de cosecha de mamón chino en el sector de Celmira cuando, presuntamente, entró en contacto con una línea de alta tensión. Las autoridades iniciaron una investigación para esclarecer las circunstancias del hecho.",
N-eca747aca2,Clima en Panamá: Prevén ambiente estable con lluvias aisladas y temperaturas de hasta 35 °C este miércoles,https://www.tvn-2.com/nacionales/clima-en-panama-preven-fuertes-lluvias-altas-temperaturas_1_2253291.html,tvn-2.com,es,2026-07-29T11:13:40.000Z,,2026-10-07T00:45:39.171Z,,tvn_sitemap,titular+descripcion,"Para este miércoles predominarán las condiciones estables en gran parte del país, aunque se prevén lluvias aisladas en sectores del Caribe y algunos puntos del Pacífico. Además, las temperaturas máximas podrían alcanzar los 35 °C.",
N-59f85ae401,"Tenía depósito domiciliario por pandillerismo, pero fue detenido con un fusil durante un retén policial en Colón",https://www.tvn-2.com/nacionales/tenia-deposito-domiciliario-detenido-fusil-reten-colon_1_2252786.html,tvn-2.com,es,2026-07-26T14:38:00.000Z,,2026-10-07T00:45:40.784Z,,tvn_sitemap,titular+descripcion,Durante la revisión al vehículo se encontró el arma de fuego tipo fusil con mira telescópica entre la carrocería y varias municiones sin detonar.,
N-67619a8a03,Familia de Gualaca busca a joven desaparecido en Ucrania tras supuesto contrato laboral,https://www.tvn-2.com/nacionales/provincias/familia-gualaca-busca-joven-desaparecido_1_2252330.html,tvn-2.com,es,2026-07-23T00:45:09.000Z,,2026-10-07T00:45:42.326Z,,tvn_sitemap,titular+descripcion,"Hace 10 días, la madre del joven recibió una llamada desde Ucrania en la que le notificaron que estaba desaparecido. Desde entonces, asegura la familia, no ha obtenido información sobre su condición ni ubicación.",
N-9951a103ad,Autoridades de Tierras Altas convocan reunión urgente por aumento de hurtos y robos,https://www.tvn-2.com/nacionales/autoridades-tierras-altas-convocan-reunion-hurtos-robos_1_2251658.html,tvn-2.com,es,2026-07-20T17:28:51.000Z,,2026-10-07T00:45:43.888Z,,tvn_sitemap,titular+descripcion,"Las autoridades señalaron que tanto las juntas comunales como la Alcaldía han tenido que atender estas situaciones, pese a que muchas de las personas afectadas provienen de otras regiones del país.",
N-ee258e966f,Sismo de magnitud 4.8 remece a Chiriquí: No hubo daños ni heridos,https://www.tvn-2.com/nacionales/sismo-magnitud-4-8-remece-occidente-pais_1_2251381.html,tvn-2.com,es,2026-07-16T17:55:01.000Z,,2026-10-07T00:45:45.481Z,,tvn_sitemap,titular+descripcion,"La provincia de Chiriquí se encuentra en una zona de alta actividad sísmica, donde cada año se registran entre 1,000 y 1,500 sismos.",
N-dc69ad272d,MOP licitará construcción de 50 puentes zarzos en la comarca Ngäbe-Buglé,https://www.tvn-2.com/nacionales/mop-licitara-construccion-50-puentes_1_2250878.html,tvn-2.com,es,2026-07-13T21:34:37.000Z,,2026-10-07T00:45:47.033Z,,tvn_sitemap,titular+descripcion,"La iniciativa forma parte del programa \""100 Puentes Zarzos\"", cuyo objetivo es mejorar la conectividad y las condiciones de accesibilidad en comunidades que, durante la temporada lluviosa, enfrentan dificultades.",
N-db82f5be4d,Fraude a la DGI: Legalizan la aprehensión de 16 personas; audiencia sigue este viernes,https://www.tvn-2.com/nacionales/judicial/aprehendidos-presunta-manipulacion-sistema-etax-audiencia_1_2250228.html,tvn-2.com,es,2026-07-10T00:15:00.000Z,,2026-10-07T00:45:48.796Z,,tvn_sitemap,titular+descripcion,"De acuerdo con las investigaciones del Ministerio Público, la organización presuntamente eliminaba del sistema cuentas millonarias correspondientes a contribuyentes que ya habían cumplido con sus obligaciones fiscales.",
N-16ba323a34,"¿Nacional, sucedáneo o de imitación? Publican ley que exigirá identificar el origen de los alimentos",https://www.tvn-2.com/nacionales/productos-nacionales-sucedaneo-omitiacion-ley-543-de-2026-origen-alimentos_1_2249868.html,tvn-2.com,es,2026-07-07T20:32:55.000Z,,2026-10-07T00:45:50.296Z,,tvn_sitemap,titular+descripcion,La nueva norma deroga la Ley 113 de 18 de noviembre de 2019 y entrará en vigencia un año después de su promulgación en la Gaceta Oficial.,
N-adb9d0d47f,Clima en Panamá: Lluvias con tormentas en ambas vertientes del país,https://www.tvn-2.com/nacionales/clima-panama-lluvias-tormentas-ambas_1_2249321.html,tvn-2.com,es,2026-07-04T13:51:53.000Z,,2026-10-07T00:45:51.982Z,,tvn_sitemap,titular+descripcion,Se esperan lluvias con tormentas en zonas marítimas hacia tierra firme.,
N-d32ce969ea,Decomisan 500 mil cigarrillos adulterados y sin registro sanitario en Chiriquí,https://www.tvn-2.com/nacionales/decomisan-500-mil-cigarrillos-adulterados-chiriqui_1_2258578.html,tvn-2.com,es,2026-08-31T23:33:13.000Z,,2026-10-07T00:45:53.538Z,,tvn_sitemap,titular+descripcion,"La principal preocupación de las autoridades es que se trata de productos que no cuentan con registro sanitario, por lo que su consumo podría representar un riesgo para la salud de quienes los adquieren.",
N-a141bf30ce,Reservistas anuncian movilización nacional hacia la Asamblea y reclaman $70 millones,https://www.tvn-2.com/nacionales/provincias/reservistas-anuncian-movilizacion-nacional-asamblea_1_2258161.html,tvn-2.com,es,2026-08-28T18:30:04.000Z,,2026-10-07T00:45:55.159Z,,tvn_sitemap,titular+descripcion,El grupo también anunció una movilización desde distintas provincias hacia la Asamblea Nacional para reunirse con las autoridades y buscar una respuesta definitiva a sus reclamos.,
N-c35d04179d,Universidad de Panamá amplía su presencia en rankings académicos internacionales,https://www.tvn-2.com/nacionales/universidad-panama-amplia-presencia-rankings_1_2257573.html,tvn-2.com,es,2026-08-25T21:55:16.000Z,,2026-10-07T00:45:56.814Z,,tvn_sitemap,titular+descripcion,"Más allá de las posiciones obtenidas, el informe plantea que estos rankings constituyen herramientas para identificar fortalezas y oportunidades de mejora, particularmente en áreas como investigación, internacionalización y desempeño institucional.",
N-feeaf265cf,Balacera en un bar de Aguadulce deja varios heridos; Policía reporta antecedentes de violencia,https://www.tvn-2.com/nacionales/balacera-discoteca-aguadulce-deja-heridos-violencia_1_2257079.html,tvn-2.com,es,2026-08-22T23:48:52.000Z,,2026-10-07T00:45:58.087Z,,tvn_sitemap,titular+descripcion,"La Policía Nacional indicó además que en Aguadulce operan desde hace varios años grupos delictivos rivales, situación que mantiene bajo atención a las autoridades de seguridad.",
N-1709b71c16,Clima en Panamá: Pronostican fuertes aguaceros y tormentas para seis zonas del país,https://www.tvn-2.com/nacionales/clima-en-panama-pronostican-fuertes-aguaceros-tormentas-pronostico-del-tiempo-hoy-20-de-agosto-de-2026_1_2256683.html,tvn-2.com,es,2026-08-20T11:12:08.000Z,,2026-10-07T00:45:59.620Z,,tvn_sitemap,titular+descripcion,"Los aguaceros acompañados de tormentas se intensificarán durante la tarde de este jueves en varios sectores del país, con episodios que podrían alcanzar",
N-bd9f955a5f,Familias de Antón marchan por la paz ante recientes hechos de violencia,https://www.tvn-2.com/nacionales/provincias/familias-anton-violencia-cocle_1_2256141.html,tvn-2.com,es,2026-08-16T23:11:59.000Z,,2026-10-07T00:46:01.468Z,,tvn_sitemap,titular+descripcion,"Con un mensaje de fe, unidad y esperanza, familias vestidas de blanco recorrieron las principales calles del distrito de Antón para participar en una caminata por la paz, organizada por la",
N-31f203b0f2,Renuncia de Lucy Molinar: Procurador confirma investigación por contratación para compra de laptops,https://www.tvn-2.com/nacionales/renuncia-lucy-molinar-ministra-educacion-investigacion-contratacion-compra-laptops_1_2255688.html,tvn-2.com,es,2026-08-13T15:18:00.000Z,,2026-10-07T00:46:03.060Z,,tvn_sitemap,titular+descripcion,"Molinar no descartó presentar acciones legales por los señalamientos en su contra. Aseguró que ha existido “mucha desinformación malintencionada”, pero esperará los resultados de las investigaciones.",
N-8352dbd666,Joven de 17 años es asesinado a balazos en San Miguelito tras persecución policial,https://www.tvn-2.com/nacionales/joven-17-anos-asesinado-balazos_1_2255192.html,tvn-2.com,es,2026-08-10T15:33:31.000Z,,2026-10-07T00:46:04.645Z,,tvn_sitemap,titular+descripcion,El joven asesinado mantenía un prontuario delictivo.,
N-0a6b2481b2,Detectan un estudiante con arma de fuego en el Instituto José Dolores Moscote,https://www.tvn-2.com/nacionales/detectan-estudiante-arma-fuego-instituto_1_2254738.html,tvn-2.com,es,2026-08-06T23:59:04.000Z,,2026-10-07T00:46:06.364Z,,tvn_sitemap,titular+descripcion,"De acuerdo con las autoridades del plantel, el arma fue encontrada entre las pertenencias de un alumno del bachillerato en Turismo.",
N-689e66c24b,Moradores de Caña Brava en Los Santos exigen al MOP una solución tras meses de espera por puente colapsado,https://www.tvn-2.com/nacionales/moradores-cana-brava-santos-exigen_1_2254290.html,tvn-2.com,es,2026-08-04T18:51:10.000Z,,2026-10-07T00:46:08.096Z,,tvn_sitemap,titular+descripcion,"Los residentes aseguran que han solicitado en reiteradas ocasiones la intervención del MOP, tanto en la provincia como a nivel nacional, y que han recibido promesas, pero hasta el momento no se ha concretado la construcción del nuevo puente.",
N-5a51752882,Embajador de Israel en Panamá se manifiesta tras incidente en vuelo de Flydubai,https://www.tvn-2.com/nacionales/embajador-israel-panama-manifiesta-incidente_1_2263631.html,tvn-2.com,es,2026-09-30T23:28:47.000Z,,2026-10-07T00:46:09.952Z,,tvn_sitemap,titular+descripcion,"El diplomático señaló que, según los testimonios conocidos, el piloto habría intentado provocar deliberadamente el accidente.",
N-f84223fbc5,Fallece capitán de remolcador del Canal de Panamá mientras cumplía funciones,https://www.tvn-2.com/nacionales/fallece-capitan-remolcador-canal-panama_1_2263629.html,tvn-2.com,es,2026-09-30T22:58:37.000Z,,2026-10-07T00:46:11.220Z,,tvn_sitemap,titular,,
N-6eade31a0d,Ordenan detención provisional a hombre por hurto en colegio de Veraguas,https://www.tvn-2.com/nacionales/ordenan-detencion-provisional-hombre-hurto-colegio-veraguas_1_2263615.html,tvn-2.com,es,2026-09-30T22:33:14.000Z,,2026-10-07T00:46:12.746Z,,tvn_sitemap,titular+descripcion,"De acuerdo con las investigaciones, el hecho ocurrió durante la noche del 18 de septiembre de 2026. El imputado, presuntamente junto a otras personas que aún no han sido identificadas, habría ingresado al plantel y ocasionado daños en las instalaciones.",
N-4a38669598,Cinco personas condenadas y otras ocho en detención provisional por venta de drogas en Darién,https://www.tvn-2.com/nacionales/cinco-personas-condenas-ochos-detencion-darien_1_2263610.html,tvn-2.com,es,2026-09-30T22:23:54.000Z,,2026-10-07T00:46:14.226Z,,tvn_sitemap,titular+descripcion,"Cinco personas recibieron condenas de 84 meses de prisión, mientras que otras ocho quedaron en detención provisional por su presunta vinculación con actividades de compra, venta y distribución de drogas.",
N-0ca3e6773b,Senacyt | Este 1 de octubre vence el plazo para aplicar a becas de maestría y doctorado,https://www.tvn-2.com/nacionales/senacyt-1-octubre-vence-plazo_1_2263611.html,tvn-2.com,es,2026-09-30T22:02:57.000Z,,2026-10-07T00:46:15.818Z,,tvn_sitemap,titular+descripcion,"La convocatoria corresponde al Subprograma de Becas de Excelencia Profesional, específicamente a las maestrías y doctorados en áreas específicas del conocimiento identificadas por Senacyt y\/o un socio estratégico.",
N-683849df5b,¡Una de cal y otra de arena! Precios de la gasolina suben y el diésel presentará una ligera disminución este viernes,https://www.tvn-2.com/nacionales/precios-gasolina-panama-suben-diesel_1_2263598.html,tvn-2.com,es,2026-09-30T20:50:16.000Z,,2026-10-07T00:46:17.085Z,,tvn_sitemap,titular,,
N-a40e748788,Minsa amplía la realización de mamografías y ultrasonidos los sábados en 18 instalaciones de salud,https://www.tvn-2.com/nacionales/minsa-habilita-centros-realizar-pruebas-cancer-mama-prostata_1_2263594.html,tvn-2.com,es,2026-09-30T21:27:35.000Z,,2026-10-07T00:46:18.396Z,,tvn_sitemap,titular+descripcion,"El Minsa aplicó nuevo plan de salud para todo octubre; se trata de análisis y servicios médicos de mamografías y ultrasonidos, facilitando la detección temprana y tratamiento adecuado.",
N-d80fcb1502,CAF y Fundación Amador impulsan estudios para desarrollar el Parque de Amador,https://www.tvn-2.com/nacionales/caf-fundacion-amador-impulsan-estudios_1_2263604.html,tvn-2.com,es,2026-09-30T21:19:52.000Z,,2026-10-07T00:46:20.031Z,,tvn_sitemap,titular+descripcion,"Los recursos serán destinados a realizar estudios y levantamientos preliminares del terreno, edificaciones, arbolado y suelo, además de análisis de mercado y de los potenciales usuarios del parque.",
N-6412a3d7e7,ATTT sanciona con $650 a vehículo de carga tras incidente en la Vía Centenario,https://www.tvn-2.com/nacionales/attt-sanciona-vehiculo-carga-incidente_1_2263599.html,tvn-2.com,es,2026-09-30T21:08:44.000Z,,2026-10-07T00:46:21.644Z,,tvn_sitemap,titular+descripcion,"Como resultado de la verificación, la ATTT aplicó dos sanciones al conductor por infracciones relacionadas con el transporte de la carga.",
N-0ffa367ff2,Cáncer de próstata: Más de mil casos son detectados anualmente en Panamá,https://www.tvn-2.com/nacionales/cancer-prostata-mil-casos-son_1_2263581.html,tvn-2.com,es,2026-09-30T20:57:35.000Z,,2026-10-07T00:46:22.951Z,,tvn_sitemap,titular+descripcion,"El Instituto Oncológico Nacional explicó que el PSA y el tacto rectal aportan información para la identificación del cáncer de próstata. En Panamá se estiman entre 1,200 y 1,600 nuevos casos cada año.",
N-5e971d1a54,Mina de cobre: First Quantum plantea participar 'de buena fe' en diálogo sobre el futuro de Cobre Panamá,https://www.tvn-2.com/nacionales/mina-cobre-first-quantum-reacciona-participacion-gobierno-buena-fe_1_2263586.html,tvn-2.com,es,2026-09-30T20:34:05.000Z,,2026-10-07T00:46:24.240Z,,tvn_sitemap,titular+descripcion,"En el comunciado indican que First Quantum reconoce que un nuevo acuerdo debe respetar la soberanía de Panamá, sus instituciones democráticas y un proceso liderado por el Gobierno.",
N-e8659e4509,El Niño se intensifica en Panamá: 16 cuencas están en condiciones extremadamente secas,https://www.tvn-2.com/nacionales/sequia-altas-temperaturas-advierte-efectos-fenomeno-de-el-nino_1_2263587.html,tvn-2.com,es,2026-09-30T20:23:35.000Z,,2026-10-07T00:46:25.494Z,,tvn_sitemap,titular+descripcion,"El Imhpa informó que 16 de las 52 cuencas del país presentan actualmente condiciones extremadamente secas, mientras otras ocho registran algún grado de sequedad. El fenómeno de El Niño podría alcanzar su máxima intensidad entre septiembre y febrero, con efectos sobre el agua, la producción agrícola y la generación de energía.",
N-86dca50ced,Mina de cobre: La comisión recomienda 'negociar' con First Quantum cierre progresivo y finiquito de arbitraje,https://www.tvn-2.com/nacionales/mina-cobre-comision-recomienda-negociar-first-quantum-informe-arbitraje_1_2263539.html,tvn-2.com,es,2026-09-30T18:39:12.000Z,,2026-10-07T00:46:26.802Z,,tvn_sitemap,titular+descripcion,"La Comisión asegura que las conversaciones que se inicien con la empresa no comprometen al Estado con un resultado, sino que permiten determinar qué condiciones pueden formar parte de un acuerdo que salvaguarde los intereses de la República.",
N-1c0edc17ef,Cámara Minera de Panamá respalda cierre ordenado y pide definir próximos pasos,https://www.tvn-2.com/nacionales/camara-minera-de-panama-respalda-cierre-ordenado-donoso-cobre_1_2263569.html,tvn-2.com,es,2026-09-30T20:09:21.000Z,,2026-10-07T00:46:28.349Z,,tvn_sitemap,titular+descripcion,"El presidente de la Cámara Minera señaló que ahora corresponde conocer cómo se desarrollará ese proceso, quién estará a cargo de ejecutarlo y cuáles serán las medidas que se adoptarán.",
N-f8efa3b917,Roban motor destinado a escuela de difícil acceso en bodega del Meduca en Colón,https://www.tvn-2.com/nacionales/provincias/roban-motor-destinado-escuela-dificil-acceso-meduca-colon_1_2263574.html,tvn-2.com,es,2026-09-30T20:06:02.000Z,,2026-10-07T00:46:29.606Z,,tvn_sitemap,titular+descripcion,Las autoridades iniciaron las investigaciones para esclarecer el robo y determinar cómo los sujetos lograron ingresar a la bodega.,
N-0c63ac467b,¡Preocupante! Vandalismo y hurtos afectan a más de ocho escuelas en Veraguas en lo que va del año,https://www.tvn-2.com/nacionales/provincias/preocupante-vandalismo-hurtos-afectan-escuelas-veraguas_1_2263579.html,tvn-2.com,es,2026-09-30T20:03:25.000Z,,2026-10-07T00:46:30.869Z,,tvn_sitemap,titular+descripcion,"El Ministerio de Educación reporta al menos ocho centros educativos afectados por actos vandálicos y hurtos en Veraguas durante 2026. Entre lo sustraído figuran dinero en efectivo y alimentos de los comedores escolares, mientras que algunos planteles también han sufrido daños en puertas y otros recursos.",
N-e332ddf6f4,Dafni Mora asume la gerencia educativa del ITSE con el reto de fortalecer la formación técnica,https://www.tvn-2.com/nacionales/dafni-mora-asume-gerencia-educativa-itse-educacion-en-panama_1_2263562.html,tvn-2.com,es,2026-09-30T19:32:32.000Z,,2026-10-07T00:46:32.613Z,,tvn_sitemap,titular+descripcion,"En esta nueva etapa, la gerente educativa busca dar continuidad al funcionamiento de la institución y conocer los proyectos que están en marcha para incorporar su visión al trabajo desarrollado.",
N-ad8dac978a,Falsas ofertas laborales terminaban en abuso y robo: condenan a varios implicados,https://www.tvn-2.com/nacionales/judicial/condenan-34-anos-joven-captaba-mujeres-falsas-ofertas-labores_1_2263566.html,tvn-2.com,es,2026-09-30T19:24:34.000Z,,2026-10-07T00:46:33.907Z,,tvn_sitemap,titular+descripcion,"En total, seis personas están vinculadas a la investigación. Tres de ellas llegaron a acuerdos de pena y fueron condenadas a 19 años de prisión, mientras que otro implicado recibió una condena de 34 años. Los dos restantes están a la espera de audiencia para definir su situación judicial.",
N-fab1a14f83,Pagos del PASE-U se iniciarán en Bocas del Toro la próxima semana tras culminar jornada en Panamá,https://www.tvn-2.com/nacionales/pagos-pase-u-iniciaran-bocas-del-toro-ifarhu_1_2263553.html,tvn-2.com,es,2026-09-30T18:54:42.000Z,,2026-10-07T00:46:35.456Z,,tvn_sitemap,titular+descripcion,Este viernes culminará el proceso de pagos en Panamá Este. El segundo pago se hará en el mes de octubre.,
N-b9eef97497,Naviferias 2026 arrancarán entre el 4 y 6 de diciembre en Chiriquí y Azuero,https://www.tvn-2.com/nacionales/naviferias-2026-arrancaran-diciembre-chiriqui-azuero-jamones-instituto-de-mercadeo-agropecuario_1_2263554.html,tvn-2.com,es,2026-09-30T18:47:32.000Z,,2026-10-07T00:46:37.077Z,,tvn_sitemap,titular+descripcion,"Como parte de la organización de las Naviferias, el IMA sostuvo una reunión con representantes de la agroindustria porcina para definir los últimos detalles relacionados con el suministro de productos y las fórmulas de pago.",
N-80240c34f3,PRD censura a Balbina Herrera y desautoriza su posición sobre las reformas electorales,https://www.tvn-2.com/nacionales/partido-revolucionario-democratico-censura-balbina-herrera-desautoriza-posicion-reformas-electorales-benicio-robinson_1_2263542.html,tvn-2.com,es,2026-09-30T18:03:35.000Z,,2026-10-07T00:46:38.345Z,,tvn_sitemap,titular+descripcion,"La Resolución N.° 001-CEN\/CDN-PRD, fechada el 29 de septiembre de 2026, sostiene que las diferencias internas deben ser discutidas dentro de los organismos de dirección del partido y no presentarse públicamente como posiciones institucionales sin una aprobación previa de los órganos colegiados.",
N-c92e4cd98c,Incendio en Curundú deja varias familias afectadas; Gobierno evalúa opciones para atender la emergencia,https://www.tvn-2.com/nacionales/incendio-registra-barraca-centro-de-salud-curundu-santa-cruz_1_2263534.html,tvn-2.com,es,2026-09-30T17:07:00.000Z,,2026-10-07T00:46:39.864Z,,tvn_sitemap,titular+descripcion,"Bomberos de varias estaciones fueron enviados al sector de Santa Cruz para controlar las llamas y evitar que se propaguen a otras estructuras. El área fue evacuada de manera preventiva y, hasta el momento, no se reportan personas heridas.",
N-a13a788da7,"Panamá Black Weekend 2026: Acodeco vigilará ofertas, descuentos y precios del 2 al 4 de octubre",https://www.tvn-2.com/nacionales/panama-black-weekend-2026-acodeco-descuentos-ofertas_1_2263532.html,tvn-2.com,es,2026-09-30T16:06:18.000Z,,2026-10-07T00:46:41.306Z,,tvn_sitemap,titular+descripcion,"La Acodeco recuerda que, en las ventas especiales, los comercios deben informar claramente el precio anterior y el nuevo precio, además de indicar si la promoción aplica a todo el establecimiento o únicamente a determinados productos o servicios.",
N-57e336ccd4,Mulino sobre futuro de la Mina de Cobre: 'Este informe no es una decisión y no propone ninguna fecha de operación',https://www.tvn-2.com/nacionales/jose-raul-mulino-futuro-mina-de-cobre-panama-informe-auditoria_1_2263524.html,tvn-2.com,es,2026-09-30T15:53:48.000Z,,2026-10-07T00:46:42.799Z,,tvn_sitemap,titular+descripcion,"El presidente José Raúl Mulino luego de recibir las recomendaciones de la Comisión Interministerial sobre el futuro del sitio minero aseguró que estudiará el informe antes de tomar una decisión. Estableció seis criterios que, según dijo, no serán negociables, entre ellos el acatamiento del fallo de la Corte Suprema, la ausencia de costo fiscal y la supervisión independiente.",
N-9dbd3fb16b,Supermercados Xtra acompaña con solidaridad a pacientes oncológicos durante la Sandwichatón 2026,https://www.tvn-2.com/economia/empresas/publirreportajes/supermercados-xtra-acompana-solidaridad-pacientes_1_2263525.html,tvn-2.com,es,2026-09-30T15:33:46.000Z,,2026-10-07T00:46:44.037Z,,tvn_sitemap,titular+descripcion,"Ejecutivos y voluntarios de Supermercados Xtra participaron en la tercera edición de la “Sandwichatón”, organizada por el Despacho de la primera dama, para acompañar con cercanía a pacientes oncológicos y sus familiares.",
N-b294dacecb,"Operación Élite golpea a 'Los Iluminatis', presunta estructura criminal de 24 de Diciembre",https://www.tvn-2.com/nacionales/operacion-elite-golpea-iluminatis-presunta-estructura-criminal-pandillerismo-panama-este_1_2263523.html,tvn-2.com,es,2026-09-30T15:26:49.000Z,,2026-10-07T00:46:45.677Z,,tvn_sitemap,titular+descripcion,"Las investigaciones que dieron paso a la Operación Élite comenzaron en 2025, con el objetivo de identificar y desarticular la presunta organización que operaba en este sector de Panamá Este.",
N-bea510354d,Mina de cobre: Mulino recibe informe final que recomienda su cierre ordenado,https://www.tvn-2.com/nacionales/mina-cobre-jose-raul-mulino-recibe-informe-final-comision-conclusiones_1_2263516.html,tvn-2.com,es,2026-09-30T13:38:50.000Z,,2026-10-07T00:46:46.938Z,,tvn_sitemap,titular+descripcion,"Tras recibirlo, el presidente José Raúl Mulino dejó claro que el informe de la comisión interministerial sobre la mina de cobre no constituye una decisión sobre el futuro del sitio, sino un estudio con recomendaciones que ahora serán analizadas por el Ejecutivo.",
N-16fad4a96c,Roseta Bordanea es reconocida como Comunicadora en Positivo 2026,https://www.tvn-2.com/nacionales/roseta-bordanea-reconocida-comunicadora-positivo-2026_1_2263744.html,tvn-2.com,es,2026-09-30T15:00:00.000Z,,2026-10-07T00:46:48.364Z,,tvn_sitemap,titular+descripcion,"Tras recibir el premio, la presentadora compartió su agradecimiento y aseguró que el reconocimiento también pertenece a los demás comunicadores que fueron nominados en la categoría.",
N-7f8ff216bc,Abusos sexuales en la Iglesia católica: ¿qué sigue tras el informe de la Arquidiócesis de Panamá?,https://www.tvn-2.com/nacionales/abusos-sexuales-arquidiocesis-de-panama-iglesia-catolica-informe_1_2263515.html,tvn-2.com,es,2026-09-30T13:42:27.000Z,,2026-10-07T00:46:49.885Z,,tvn_sitemap,titular+descripcion,"El informe revisó denuncias recibidas entre 2001 hasta 2025 y estableció 37 denuncias, 24 correspondieron a casos con responsabilidad evaluable de la Arquidiócesis de Panamá. Reconocen fallas en la atención y trazabilidad de los casos y explica las medidas que implementará principalmente con las víctimas.",
N-2558773ad8,"Mina de cobre: agua, reforestación y presa de relaves, puntos bajo vigilancia tras auditoría",https://www.tvn-2.com/nacionales/mina-cobre-agua-reforestacion-presa-donoso-auditoria_1_2263510.html,tvn-2.com,es,2026-09-30T12:55:40.000Z,,2026-10-07T00:46:51.404Z,,tvn_sitemap,titular+descripcion,"Miguel Enrique Gutiérrez Soto, director de Recursos Naturales de SGS Panamá Control Services, explicó la metodología utilizada para evaluar el proyecto minero y detalló los principales hallazgos, entre ellos aspectos relacionados con reforestación, manejo de aguas, relaves y seguridad social de trabajadores de empresas contratistas.",
N-3a54f441df,Vecinos Vigilantes: estas son las recomendaciones de la Policía ante situaciones de riesgo,https://www.tvn-2.com/nacionales/vecinos-vigilantes-recomendaciones-policia-nacional-seguridad_1_2263512.html,tvn-2.com,es,2026-09-30T12:45:08.000Z,,2026-10-07T00:46:52.697Z,,tvn_sitemap,titular+descripcion,"El programa busca que los residentes conozcan al policía encargado de su sector, tengan identificada la línea de contacto con la institución y sepan cuál es el cuartel más cercano ante una eventualidad.",
N-a6377da2a7,San Francisco avanza en recuperación de aceras: más de 700 metros han sido intervenidos,https://www.tvn-2.com/nacionales/san-francisco-avanza-recuperacion-aceras-estacionamientos-panama-serena-vamvas_1_2263506.html,tvn-2.com,es,2026-09-30T12:07:24.000Z,,2026-10-07T00:46:54.397Z,,tvn_sitemap,titular+descripcion,"La representante de San Francisco, Serena Vamvas, indicó que el modelo aplicado busca recuperar las aceras y, cuando las condiciones de la vía lo permiten, mantener espacios para estacionamientos en paralelo.",
N-1069157098,Clima en Panamá: Aguaceros aislados con tormentas eléctricas en sectores marítimos y el oriente del país,https://www.tvn-2.com/nacionales/clima-panama-aguaceros-aislados-tormentas-sectores-maritimos-pronostico-tiempo-meteorologia_1_2263499.html,tvn-2.com,es,2026-09-30T10:52:19.000Z,,2026-10-07T00:46:55.920Z,,tvn_sitemap,titular+descripcion,Piden tener precaución cuando las tormentas se registren en las áreas marítimas.,
N-ca1ba9f21c,Exfiscalizador de la Contraloría es aprehendido por presunto peculado de más de $565 mil,https://www.tvn-2.com/nacionales/judicial/exfiscalizador-contraloria-aprehendido-presunto-peculado_1_2263480.html,tvn-2.com,es,2026-09-30T01:56:43.000Z,,2026-10-07T00:46:57.192Z,,tvn_sitemap,titular+descripcion,Entre las irregularidades identificadas figura la insuficiente documentación para sustentar los gastos realizados con recursos públicos.,
N-c58cc9f4f2,Mulino celebra descenso en la tasa de desempleo y anuncia un programa de capacitación rentada,https://www.tvn-2.com/nacionales/desempleo-panama-oportunidades-laborales-estadistica-y-censo_1_2263348.html,tvn-2.com,es,2026-09-29T17:46:06.000Z,,2026-10-07T00:46:58.476Z,,tvn_sitemap,titular+descripcion,"La Encuesta de Mercado Laboral del INEC reportó un aumento de 3.9% en la población ocupada y una reducción de 1.9 puntos porcentuales en la tasa de desempleo. La informalidad también disminuyó, aunque persisten desafíos en el empleo juvenil.",
N-0f2d3826e7,Consejo de Gabinete autoriza precalificación para operar y mantener los aeropuertos de David y Río Hato,https://www.tvn-2.com/nacionales/consejo-gabinete-autoriza-precalificacion-operar_1_2263478.html,tvn-2.com,es,2026-09-30T01:34:46.000Z,,2026-10-07T00:46:59.806Z,,tvn_sitemap,titular+descripcion,"El proceso será adelantado por Tocumen, S.A. y permitirá identificar a las empresas que cumplan con los requisitos legales, técnicos, administrativos y financieros antes de la licitación por mejor valor.",
N-7576edaa3a,Policía captura a una mujer vinculada a un homicidio en Pedregal,https://www.tvn-2.com/nacionales/policia-captura-mujer-vinculada-homicidio_1_2263440.html,tvn-2.com,es,2026-09-30T01:11:49.000Z,,2026-10-07T00:47:01.077Z,,tvn_sitemap,titular+descripcion,"Aprehenden a mujer implicada en muerte de tatuador. La víctima, identificada como Alfonso Antonio Pérez Correa, de 30 años, en la localidad de Altos del Naranjal en Pedregal.",
N-f969c3007e,Panamá Oeste analiza retos y oportunidades ante el crecimiento de la provincia,https://www.tvn-2.com/nacionales/panama-oeste-analiza-retos-oportunidades_1_2263473.html,tvn-2.com,es,2026-09-30T01:09:08.000Z,,2026-10-07T00:47:02.778Z,,tvn_sitemap,titular+descripcion,"Estos temas fueron abordados durante el foro “Panamá Oeste: crecimiento y desarrollo”, en el que empresarios, autoridades y especialistas analizaron alternativas para impulsar la economía de la región.",
N-247728709a,Veraguas | Pescadores de playa Malena piden un muelle para proteger sus embarcaciones de los fuertes oleajes,https://www.tvn-2.com/nacionales/veraguas-pescadores-playa-malena-piden_1_2263454.html,tvn-2.com,es,2026-09-30T01:07:14.000Z,,2026-10-07T00:47:04.078Z,,tvn_sitemap,titular+descripcion,"Ante este escenario, los pescadores solicitan a las autoridades evaluar la situación y llevar adelante proyectos de infraestructura que permitan resguardar las embarcaciones.",
N-0a736e613a,Familia pide ayuda para operar de urgencia a bebé de ocho meses en Colombia,https://www.tvn-2.com/nacionales/familia-pide-ayuda-operar-urgencia_1_2263459.html,tvn-2.com,es,2026-09-30T01:04:23.000Z,,2026-10-07T00:47:05.361Z,,tvn_sitemap,titular+descripcion,La menor presenta dificultades para respirar y episodios en los que se agita con facilidad. Recientemente tuvo que ser hospitalizada debido a las complicaciones asociadas a su condición.,
N-fc88764be2,Proyecto para cobrar tasa de $5 a turistas en Colón podría regresar al Concejo Municipal,https://www.tvn-2.com/nacionales/proyecto-cobrar-tasa-5-turistas_1_2263455.html,tvn-2.com,es,2026-09-30T01:03:16.000Z,,2026-10-07T00:47:06.638Z,,tvn_sitemap,titular+descripcion,"El proyecto de acuerdo que plantea establecer una tasa de $5 por concepto de limpieza, aseo y seguridad a los turistas que desembarquen de cruceros en la provincia de Colón podría regresar próximamente al pleno del Concejo Municipal.",
N-693d9f00db,TVN Media y DIRCOM Panamá fortalecen alianza para capacitar a Héroes por Panamá,https://www.tvn-2.com/nacionales/tvn-media-dircom-fortalecen-alianza-heroes-panama_1_2263464.html,tvn-2.com,es,2026-09-30T00:38:30.000Z,,2026-10-07T00:47:07.888Z,,tvn_sitemap,titular+descripcion,"La jornada busca que los participantes no solo tengan proyectos capaces de generar cambios, sino que también puedan contar sus historias de manera clara y conectar con quienes pueden sumarse a sus causas.",
N-5ec30576e8,MiBus advierte que falta de fondos pone en riesgo compra de 120 buses para 2027,https://www.tvn-2.com/nacionales/mibus-advierte-falta-fondos-riesgo-compra-120-buses-2027_1_2263452.html,tvn-2.com,es,2026-09-30T00:53:46.000Z,,2026-10-07T00:47:09.379Z,,tvn_sitemap,titular+descripcion,"La empresa solicitó un presupuesto de $180 millones, pero el MEF recomendó $160 millones. También enfrenta necesidades de repuestos y mayores gastos en combustible.",
N-cf0ec5b127,Advierten sobre aumento de estafas en compras en línea durante fin de año,https://www.tvn-2.com/nacionales/advierten-aumento-estafas-compras-linea_1_2263466.html,tvn-2.com,es,2026-09-30T00:50:36.000Z,,2026-10-07T00:47:10.672Z,,tvn_sitemap,titular+descripcion,"Los delincuentes han perfeccionado sus métodos para atraer a usuarios interesados en conseguir productos a precios bajos, utilizando ofertas llamativas que pueden terminar en el robo de dinero o de información personal y financiera.",
N-2824fc1b92,Presidencia enciende sus luces por la prevención del cáncer; primera dama anuncia actividades para octubre,https://www.tvn-2.com/nacionales/encendido-luces-presidencia-campana-cancer-primera-dama-maricel-cohen-muino_1_2263462.html,tvn-2.com,es,2026-09-30T00:48:10.000Z,,2026-10-07T00:47:11.881Z,,tvn_sitemap,titular+descripcion,Una función de ballet y la tradicional caminata forman parte de las iniciativas para recaudar fondos y apoyar a pacientes con cáncer.,
N-dedf176161,Condenan a dos hombres por robo agravado ocurrido en La Chorrera,https://www.tvn-2.com/nacionales/condenan-hombres-robo-agravado-ocurrido_1_2263439.html,tvn-2.com,es,2026-09-29T22:48:10.000Z,,2026-10-07T00:47:13.326Z,,tvn_sitemap,titular+descripcion,"Dos ciudadanos fueron condenados a 64 meses de prisión por el delito de robo agravado, mientras que un tercer adulto quedó detenido y dos adolescentes de 15 años enfrentan detención provisional por su presunta vinculación con el mismo hecho, ocurrido en La Chorrera, Panamá Oeste.",
N-96d238deaf,Tribunal dicta condena a 25 años de cárcel a hombre por ataque armado en Pacora,https://www.tvn-2.com/nacionales/tribunal-dicta-condena-25-anos_1_2263428.html,tvn-2.com,es,2026-09-29T22:41:27.000Z,,2026-10-07T00:47:14.725Z,,tvn_sitemap,titular+descripcion,"El hecho ocurrió el 29 de diciembre de 2021 en el sector 4 de Pacora, donde un grupo de sujetos atacó una vivienda. En el incidente murieron 2 personas, mientras otras dos personas resultaron heridas.",
N-adde2ff722,Reformas a la ley de energía: primer debate continuará el miércoles en la Comisión de Comercio,https://www.tvn-2.com/nacionales/reformas-ley-energia-primer-debate-continuara-manana-miercoles-comision-de-comercio_1_2263421.html,tvn-2.com,es,2026-09-29T22:30:39.000Z,,2026-10-07T00:47:15.996Z,,tvn_sitemap,titular,,
N-bb79b465b6,Benicio Robinson tras carta de Balbina Herrera: 'los trapos se lavan en casa',https://www.tvn-2.com/nacionales/benicio-robinson-reacciona-carta-balbina-herrera-trapos-se-lavan-en-casa-reforma-electoral_1_2263429.html,tvn-2.com,es,2026-09-29T22:29:00.000Z,,2026-10-07T00:47:17.231Z,,tvn_sitemap,titular+descripcion,"De acuerdo con el presidente del PRD, el viernes se volverán a reunir con el CDN este viernes.",
N-48b8e4cfbb,Parque Nacional Coiba refuerza vigilancia marítima con nueva embarcación,https://www.tvn-2.com/nacionales/parque-nacional-coiba-refuerza-vigilancia_1_2263427.html,tvn-2.com,es,2026-09-29T22:24:20.000Z,,2026-10-07T00:47:18.717Z,,tvn_sitemap,titular+descripcion,"La embarcación fue entregada con el apoyo de Bezos Earth Fund, WildAid y el Gobierno de Canadá, como parte de los esfuerzos para reforzar la protección de esta área protegida.",
N-a9d2927312,José Federico Suárez condenado a 16 años de prisión por peculado en caso de obras viales,https://www.tvn-2.com/nacionales/judicial/federicosuarez-codenado-16-anos-prision-peculado_1_2263430.html,tvn-2.com,es,2026-09-29T22:22:00.000Z,,2026-10-07T00:47:19.982Z,,tvn_sitemap,titular+descripcion,"En la misma sentencia, la juzgadora absolvió a siete personas que también fueron procesadas por el delito contra la administración pública, específicamente diferentes formas de peculado, contemplado en el artículo 338 del Código Penal.",
N-2504b85fd7,Ordenan detención provisional a dos hombres por homicidio en El Chirú,https://www.tvn-2.com/nacionales/ordenan-detencion-provisional-hombres-homicidio_1_2263416.html,tvn-2.com,es,2026-09-29T22:01:40.000Z,,2026-10-07T00:47:21.242Z,,tvn_sitemap,titular+descripcion,"El hecho ocurrió la mañana del domingo 27 de septiembre en la comunidad de El Rincón, cuando un ciudadano que viajaba en una camioneta junto a otras personas recibió varios impactos de bala que le causaron la muerte.",
N-a82abcbb22,"Tren Panamá-David: proyecto aún espera luz verde, el costo podría alcanzar los $10,000 millones",https://www.tvn-2.com/nacionales/tren-panama-david-proyecto-espera-aprobacion-costo-10mil-millones_1_2263399.html,tvn-2.com,es,2026-09-29T21:03:07.000Z,,2026-10-07T00:47:22.520Z,,tvn_sitemap,titular+descripcion,El Gobierno contempla $10 millones para 2027 destinados a preparar la eventual ejecución del proyecto.,
N-80c34c261a,Reubican cirugías de la policlínica de La Chorrera a otros hospitales por obras,https://www.tvn-2.com/nacionales/reubican-cirugias-policlinica-chorrera-hospitales_1_2263395.html,tvn-2.com,es,2026-09-29T20:43:37.000Z,,2026-10-07T00:47:23.965Z,,tvn_sitemap,titular+descripcion,Se trasladarán las cirugías programadas que iban a realizarse en la Policínica de La Chorrera a hospitales aledaños por reparaciones y obras.,
N-d743f6a460,Agroferias del IMA: Conozca dónde se realizarán este jueves,https://www.tvn-2.com/nacionales/agroferias-ima-conozca-realizaran-jueves_1_2263401.html,tvn-2.com,es,2026-09-29T20:41:53.000Z,,2026-10-07T00:47:25.386Z,,tvn_sitemap,titular+descripcion,"En estas ferias libres que están activas a partir de las 8:00 a.m., se pueden adquirir los principales productos de la canasta básica a un bajo costo.",
N-29731b5bb4,Sector empresarial plantea retos y oportunidades para impulsar el desarrollo de Panamá Oeste,https://www.tvn-2.com/nacionales/provincias/sector-empresarial-retos-oportunidades-desarrollo-panama-oeste_1_2263380.html,tvn-2.com,es,2026-09-29T19:33:54.000Z,,2026-10-07T00:47:26.599Z,,tvn_sitemap,titular+descripcion,"La Cámara de Comercio, Industrias y Agricultura de Panamá Oeste realizó un foro para analizar las ventajas competitivas de los cinco distritos de la provincia y definir áreas que pueden impulsar su crecimiento, con énfasis en las mipymes, el turismo, la conectividad y el desarrollo sostenible.",
N-604b3a6b9f,Ministerio de la Presidencia sustenta presupuesto para 2027 de $246 millones,https://www.tvn-2.com/nacionales/ministerio-presidencia-sustenta-presupuesto-2027-246-millones_1_2263366.html,tvn-2.com,es,2026-09-29T19:32:36.000Z,,2026-10-07T00:47:27.856Z,,tvn_sitemap,titular+descripcion,El ministro Juan Carlos Orillac señaló que la partida recomendada por el MEF incluye $176.5 millones para funcionamiento y $70 millones para inversión.,
N-750832d090,Expresidenta Mireya Moscoso respalda a María Corina Machado y asegura que 'va a regresar' a Venezuela,https://www.tvn-2.com/nacionales/expresidenta-mireya-moscoso-respalda-maria-corina-machado-venezuela_1_2263381.html,tvn-2.com,es,2026-09-29T19:23:36.000Z,,2026-10-07T00:47:29.084Z,,tvn_sitemap,titular+descripcion,Su equipo confirmó recientemente que la opositora María Corina Machado ha intentado regresar a Venezuela varias veces.,
N-21638e30e5,Casas de citas podrían enfrentar sanciones de hasta $5 mil tras detectar dos carnés aparentemente falsificados,https://www.tvn-2.com/nacionales/casa-de-citas-enfrentar-sanciones-detectar-push-falsos_1_2263361.html,tvn-2.com,es,2026-09-29T19:01:57.000Z,,2026-10-07T00:47:30.351Z,,tvn_sitemap,titular+descripcion,"La Región de Salud de San Miguelito inspeccionó cuatro casas de citas del distrito. En uno de los establecimientos fueron encontrados dos carnés aparentemente falsificados, por lo que el personal será citado y el local podría enfrentar sanciones de hasta $5,000.",
N-74bca1393a,Superintendencia de Sujetos No Financieros confía en que Panamá salga de la lista fiscal de la UE,https://www.tvn-2.com/nacionales/superintendencia-sujetos-no-financieros-confia-panama-sale-listas-union-europea_1_2263359.html,tvn-2.com,es,2026-09-29T18:50:27.000Z,,2026-10-07T00:47:31.610Z,,tvn_sitemap,titular+descripcion,"La expectativa del Gobierno también está vinculada con la aprobación de la ley de sustancia económica, orientada a que las empresas sujetas a esa norma demuestren actividad y presencia real en el país.",
N-68fbf583a6,Médicos residentes e internos presentan más de 80 denuncias por supuesto acoso y maltrato,https://www.tvn-2.com/nacionales/medicos-residentes-e-internos-presentan-denuncias-supuesto-acoso-y-maltrato_1_2263360.html,tvn-2.com,es,2026-09-29T18:38:25.000Z,,2026-10-07T00:47:33.101Z,,tvn_sitemap,titular+descripcion,"La federación también recibe reportes de familiares de médicos en formación. Sin embargo, estas denuncias no son incluidas dentro de las estadísticas oficiales de la plataforma, aclaró su presidente.",
N-ff7442c52f,Mina de Cobre: Presidente Mulino recibirá conclusiones sobre el informe por parte de Comisión interministerial,https://www.tvn-2.com/nacionales/mina-donoso-presidente-jose-raul-mulino-recibiria-miercoles-informe-comision_1_2263349.html,tvn-2.com,es,2026-09-29T18:08:56.000Z,,2026-10-07T00:47:34.325Z,,tvn_sitemap,titular+descripcion,"Este lunes, la Cámara Minera de Panamá (Camipa) solicitó al Gobierno tomar una decisión sobre la mina de cobre y avanzar hacia la reanudación de sus operaciones.",
N-9c9f3e301f,"Aumento de tasas de interés en préstamos podría sentirse en Panamá, según la Asociación Bancaria",https://www.tvn-2.com/nacionales/aumento-tasa-de-interes-prestamos-asociacion-bancaria-panama_1_2263343.html,tvn-2.com,es,2026-09-29T17:45:10.000Z,,2026-10-07T00:47:35.548Z,,tvn_sitemap,titular+descripcion,"Esto, debido a que semanas atrás la Reserva Federal estadounidense decidió subir sus tasas de interés.",
N-5e9d814a26,"Colegios privados para 2027: matrículas llegan hasta $2,223, según Acodeco",https://www.tvn-2.com/nacionales/colegios-privados-matriculas-anualidades-2027-acodeco-precio-panama_1_2263345.html,tvn-2.com,es,2026-09-29T17:42:00.000Z,,2026-10-07T00:47:37.079Z,,tvn_sitemap,titular+descripcion,"Las anualidades de primaria alcanzan los $7,225. Además, 42 colegios reportaron cuotas únicas de admisión de hasta $6,000.",
N-ebdbce0f64,"Exportaciones caen este año $151.5 millones, el Mef lo atribuye a las exportaciones de remanentes de cobre del 2025",https://www.tvn-2.com/nacionales/exportaciones-caen-2026-151-millones-mef-cobre_1_2263341.html,tvn-2.com,es,2026-09-29T17:25:45.000Z,,2026-10-07T00:47:38.473Z,,tvn_sitemap,titular+descripcion,"Al excluir el efecto de la actividad minera, el comportamiento de las exportaciones en el sector agropecuario e industrial fue positivo.",
N-ac7fdafd70,Retoman clases en escuela de El Bongo tras agresión a docente; padres piden que no sea reubicada,https://www.tvn-2.com/nacionales/retoman-clases-escuela-bongo-agresion-docente-montijo-ministerio-de-educacion_1_2263350.html,tvn-2.com,es,2026-09-29T17:35:11.000Z,,2026-10-07T00:47:39.961Z,,tvn_sitemap,titular+descripcion,"La decisión adoptada por el Meduca, por razones de seguridad, contempla la reubicación temporal de la educadora agredida, quien no regresará al centro educativo mientras se desarrollen las investigaciones.",
N-47315fb9d2,"Udelas reúne a estudiantes, docentes y especialistas en dos congresos académicos sobre salud, ciencia e innovación",https://www.tvn-2.com/nacionales/udelas-reune-estudiantes-docentes-especialistas_1_2263406.html,tvn-2.com,es,2026-09-29T17:00:00.000Z,,2026-10-07T00:47:41.169Z,,tvn_sitemap,titular+descripcion,"La Universidad Especializada de las Américas (Udelas) culminó dos importantes encuentros académicos que reunieron a estudiantes, docentes, investigadores y especialistas nacionales e internacionales, como parte de su agenda de formación, actualización e intercambio de conocimientos en distintas áreas profesionales.",
N-6ae2dc99c6,Casa Wilcox: Estudiantes colonenses imaginan nuevas formas de proteger el patrimonio histórico,https://www.tvn-2.com/nacionales/estudiantes-colonenses-imaginan-nuevas-formas-proteger-patrimonio_1_2263412.html,tvn-2.com,es,2026-09-29T16:00:00.000Z,,2026-10-07T00:47:42.603Z,,tvn_sitemap,titular+descripcion,Niños de cuarto y quinto grado desarrollan un prototipo inspirado en los desafíos de conservación de la Casa Wilcox,
N-5e10ae5100,"Descentralización: 7,850 proyectos por casi $200 millones han sido aprobados en todo el país",https://www.tvn-2.com/nacionales/descentralizacion-proyectos-millones-aprobados-roxana-mendez_1_2263337.html,tvn-2.com,es,2026-09-29T15:30:28.000Z,,2026-10-07T00:47:44.064Z,,tvn_sitemap,titular+descripcion,"La directora de la Autoridad Nacional de Descentralización, Roxana Méndez, explicó en Noticias AM que los proyectos abarcan agua, electrificación, caminos e infraestructura deportiva, entre otros. También detalló cómo reportar retrasos, qué ocurre con las investigaciones por posibles irregularidades y el presupuesto recomendado para 2027.",
N-b2656851af,Cuarto Puente reanuda labores tras 'subsanar' fallas de seguridad detectadas por Mitradel,https://www.tvn-2.com/nacionales/cuarto-puente-reanuda-labores-subsanar-fallas-seguridad-ministerio-de-trabajo-obras-publicas_1_2263340.html,tvn-2.com,es,2026-09-29T15:26:29.000Z,,2026-10-07T00:47:45.299Z,,tvn_sitemap,titular+descripcion,"Con la culminación de las inspecciones y las correcciones solicitadas, el MOP indicó que los frentes evaluados cumplen ahora con las condiciones de seguridad requeridas y que las labores del proyecto se mantienen activas, sin nuevas suspensiones.",
N-698a2feb7a,35 nicaragüenses salen de Panamá por deportación y expulsión,https://www.tvn-2.com/nacionales/35-nicaraguenses-salen-panama-deportacion-expulsion_1_2263334.html,tvn-2.com,es,2026-09-29T14:45:42.000Z,,2026-10-07T00:47:46.704Z,,tvn_sitemap,titular+descripcion,Un total de 35 ciudadanos de nacionalidad nicaragüense abandonaron este martes el territorio nacional mediante procesos de deportación y expulsión ejecutados por inspectores y supervisores del,
N-e0693e5aa3,¿Pueden las 70 mil firmas de Vamos contar como adherentes? Exmagistrado del TE explica la ley electoral,https://www.tvn-2.com/nacionales/firmas-contar-coalicion-vamos-adherentes-tribunal-electoral-ley_1_2263321.html,tvn-2.com,es,2026-09-29T14:01:29.000Z,,2026-10-07T00:47:48.120Z,,tvn_sitemap,titular+descripcion,"El exmagistrado del Tribunal Electoral cuestionó los cambios introducidos al proyecto de ley 699, entre ellos los relacionados con el financiamiento privado, las candidaturas de libre postulación y la formación de partidos políticos.",
N-7a3a4c95d4,Motos y scooters | ATTT revisa el reglamento de tránsito para adecuarlo a las nuevas formas de movilidad,https://www.tvn-2.com/nacionales/motos-scooters-revisa-autoridad-de-transito-reglamento-movilidad_1_2263318.html,tvn-2.com,es,2026-09-29T13:41:11.000Z,,2026-10-07T00:47:49.326Z,,tvn_sitemap,titular+descripcion,"Ante el crecimiento del parque de motocicletas, la ATTT plantea reforzar la capacitación y fiscalización de los conductores.",
N-64e688438e,Clima en Panamá: Lluvias y tormentas continuarán por influencia de la vaguada monzónica,https://www.tvn-2.com/nacionales/clima-panama-lluvias-tormentas-continuaran-vaguada-monzonica-baja-presion-pronostico_1_2263304.html,tvn-2.com,es,2026-09-29T11:13:26.000Z,,2026-10-07T00:47:50.750Z,,tvn_sitemap,titular+descripcion,Se esperan índices de radiación entre altos y extremos en ambas vertientes en horas de la tarde.,
N-2acaa696ae,César Caicedo: Tribunal revoca detención hospitalaria y ordena traslado a un centro penitenciario,https://www.tvn-2.com/nacionales/judicial/cesar-caicedo-tribunal-revoca-detencion-centro-penitenciario_1_2263283.html,tvn-2.com,es,2026-09-29T00:39:58.000Z,,2026-10-07T00:47:51.941Z,,tvn_sitemap,titular+descripcion,"Caicedo permanece recluido en un centro hospitalario de la localidad desde el pasado 20 de mayo, cuando se sometió a una cirugía.",
N-c6174ae3aa,¿Cuándo repararán por completo el Puente de las Américas? Esto dice el MOP,https://www.tvn-2.com/nacionales/repararan-completo-puente-americas-dice_1_2263289.html,tvn-2.com,es,2026-09-29T01:28:40.000Z,,2026-10-07T00:47:53.450Z,,tvn_sitemap,titular+descripcion,"Mientras se concreta una rehabilitación profunda, el MOP mantiene trabajos de mantenimiento en el puente para atender las condiciones de la superficie de rodadura.",
N-a3236720ef,Conductores de plataformas piden más controles ante robos y muertes durante el servicio,https://www.tvn-2.com/nacionales/conductores-plataformas-piden-controles-robos_1_2263286.html,tvn-2.com,es,2026-09-29T01:25:40.000Z,,2026-10-07T00:47:55.896Z,,tvn_sitemap,titular+descripcion,Los representantes del sector esperan que estas solicitudes sean evaluadas y que se puedan adoptar medidas conjuntas entre las plataformas y los conductores para reforzar la seguridad y prevenir nuevos hechos delictivos.,
N-2e19056a98,Deudas y gastos: las obligaciones que ponen en aprietos las finanzas de los panameños,https://www.tvn-2.com/nacionales/deudas-gastos-obligaciones-ponen-aprietos_1_2263284.html,tvn-2.com,es,2026-09-29T00:54:11.000Z,,2026-10-07T00:47:57.440Z,,tvn_sitemap,titular+descripcion,"Cuando se acumulan préstamos, compras y otros gastos sin una planificación adecuada, las obligaciones pueden convertirse en una especie de “bola de nieve”.",
N-c57d249ab3,Onda tropical 49 podría generar aguaceros sectorizados desde este martes,https://www.tvn-2.com/nacionales/onda-tropical-49-generar-aguaceros_1_2263280.html,tvn-2.com,es,2026-09-29T00:53:03.000Z,,2026-10-07T00:47:58.653Z,,tvn_sitemap,titular+descripcion,"Los primeros sectores en experimentar estas condiciones serían Panamá Este y Darién, mientras que posteriormente las precipitaciones podrían extenderse hacia las provincias centrales.",
N-11683130bb,Presupuesto del canal de Panamá es aprobado en tercer debate por la Asamblea,https://www.tvn-2.com/nacionales/presupuesto-canal-de-panama-aprobado-tercer-debate-asamblea-nacional_1_2263276.html,tvn-2.com,es,2026-09-29T00:09:14.000Z,,2026-10-07T00:48:00.062Z,,tvn_sitemap,titular+descripcion,"El Canal prevé continuar los procesos para las nuevas terminales portuarias de Corozal, en el Pacífico, e Isla Telfers, en el Atlántico, así como para un gasoducto interoceánico.",
N-52d99e842c,"MEF sustenta presupuesto de $733 millones: viáticos, deuda pública y descuentos a jubilados, los temas abordados",https://www.tvn-2.com/nacionales/mef-ministro-felipe-chapman-viaticos-viajes-exterior-deuda-publica-subsidios-descuentos-jubilados-comision-de-presupuesto_1_2263254.html,tvn-2.com,es,2026-09-29T00:02:14.000Z,,2026-10-07T00:48:01.266Z,,tvn_sitemap,titular+descripcion,"El ministro explicó que ha compartido viáticos con otros funcionarios de su ministerio, “porque a ninguno nos alcanza”.",
N-5148330028,Reforma electoral sobre la representación legal de los partidos enfrenta a la dirigencia del PRD con su bancada,https://www.tvn-2.com/nacionales/reforma-electoral-representancion-legal-de-partidos-enfrenta-directiva-prd-balbina-herrera-benicio-robinson_1_2263267.html,tvn-2.com,es,2026-09-28T23:27:29.000Z,,2026-10-07T00:48:02.498Z,,tvn_sitemap,titular+descripcion,"La mayoría de las propuestas aprobadas fueron impulsadas por el diputado y presidente del PRD, Benicio Robinson. La secretaria general del PRD emplazó a su bancada.",
N-fa9fc5bc03,Detienen a joven de 19 años por presunto hurto de joyas valoradas en más de $132 mil,https://www.tvn-2.com/nacionales/detienen-joven-19-anos-presunto_1_2263260.html,tvn-2.com,es,2026-09-28T23:11:13.000Z,,2026-10-07T00:48:03.992Z,,tvn_sitemap,titular+descripcion,"De acuerdo con las pesquisas, el hurto ocurrió durante la madrugada del 25 de septiembre de 2026 en la Joyería La Perla, ubicada en el distrito de Penonomé.",
N-734b8b02e6,'¿Qué más tiene que pasar en Antón?': diputado reclama acciones contra la inseguridad y pide aumentar pie de fuerza,https://www.tvn-2.com/nacionales/anton-diputado-reclama-acciones-inseguridad-orlandocarrasquilla_1_2263261.html,tvn-2.com,es,2026-09-28T23:06:01.000Z,,2026-10-07T00:48:05.305Z,,tvn_sitemap,titular+descripcion,"Este fin de semana un hombre fue asesinado cuando se desplazaba hacia una finca que había comprado recientemente en el sector de El Chirú, en Antón.",
N-5f2a07e79e,Fernando Castañeda es destituido como médico de la Caja de Seguro Social; Amoacss acudirá a la Corte,https://www.tvn-2.com/nacionales/fernando-castaneda-destituido-confirma-caja-de-seguro-social-amoacss_1_2263242.html,tvn-2.com,es,2026-09-28T21:33:00.000Z,,2026-10-07T00:48:06.500Z,,tvn_sitemap,titular+descripcion,La asociación relaciona la destitución con declaraciones de Castañeda a un medio de comunicación local en horas laborables.,
N-69f4f63605,Caso Financial Pacific: Corte Suprema admite parcialmente recursos y rechaza el presentado por Mayte Pellegrini,https://www.tvn-2.com/nacionales/judicial/caso-financial-pacific-corte-suprema-admite-recursos-maytepellegrini_1_2263257.html,tvn-2.com,es,2026-09-28T22:32:31.000Z,,2026-10-07T00:48:07.723Z,,tvn_sitemap,titular+descripcion,La resolución también establece que no se admitieron los recursos de casación presentados por la defensa de Vivian Lizbeth Villarreal Andrió.,
N-7fa9a78028,Teleférico de San Miguelito: Metro de Panamá firma contrato para su construcción,https://www.tvn-2.com/nacionales/teleferico-san-miguelito-metro-panama-contrato-construccion_1_2263250.html,tvn-2.com,es,2026-09-28T21:57:46.000Z,,2026-10-07T00:48:08.974Z,,tvn_sitemap,titular+descripcion,"El próximo paso será la revisión del contrato por parte de la Contraloría y su eventual refrendo, requisito necesario para continuar con la ejecución del proyecto.",
N-c575c583a5,¡Pasa el dato! Estos son los sitios donde se realizarán las ferias del IMA,https://www.tvn-2.com/nacionales/pasa-dato-son-sitios-realizaran_1_2263238.html,tvn-2.com,es,2026-09-28T21:31:51.000Z,,2026-10-07T00:48:10.190Z,,tvn_sitemap,titular+descripcion,"A través de un comunicado, el IMA publicó un listado de las agroferias programadas para este miércoles 30, con los puntos, horarios y reglamentos.",
N-5fba8f791e,Retiran el cáncer y reconstruyen la mama en una misma cirugía en la Ciudad de la Salud,https://www.tvn-2.com/nacionales/retiran-cancer-reconstruyen-mama-cirugia_1_2263227.html,tvn-2.com,es,2026-09-28T20:56:58.000Z,,2026-10-07T00:48:11.679Z,,tvn_sitemap,titular+descripcion,"La paciente tenía un cáncer de mama in situ extenso, en etapa 0, detectado mediante una mamografía y confirmado posteriormente con una biopsia.",
N-b41203913c,Rescatan a tres costarricenses con vida tras una semana desaparecidos en el mar,https://www.tvn-2.com/nacionales/rescatan-costarricenses-naufragio-colon-senan_1_2263221.html,tvn-2.com,es,2026-09-28T20:35:00.000Z,,2026-10-07T00:48:13.102Z,,tvn_sitemap,titular+descripcion,"De acuerdo con la información, la embarcación fue localizada a unas 20 millas náuticas al norte de Cuango, en la provincia de Colón.",
N-b063d23bf6,Minsa actualiza normas para prevenir y detectar de forma temprana el cáncer cervicouterino,https://www.tvn-2.com/nacionales/ministerio-de-salud-normas-estrategias-deteccion-cancer-cervicouterino_1_2263210.html,tvn-2.com,es,2026-09-28T19:57:42.000Z,,2026-10-07T00:48:14.942Z,,tvn_sitemap,titular+descripcion,"El Minsa mejora su sistema de atención y seguimiento de detección del cáncer cervicouterino. La actualización establece procedimientos para fortalecer el tamizaje, diagnóstico, tratamiento y seguimiento de las pacientes.",
N-e5e7264d25,Rector Flores rinde cuentas y destaca avances en investigación durante sus 10 años al frente de la UP,https://www.tvn-2.com/nacionales/rector-eduardo-flores-castro-cuentas-universidad-de-panama_1_2263215.html,tvn-2.com,es,2026-09-28T19:43:31.000Z,,2026-10-07T00:48:16.550Z,,tvn_sitemap,titular+descripcion,"Durante su rendición de cuentas, el rector saliente destacó que la investigación científica fue una de las prioridades de sus 10 años de gestión. También señaló que la relación de estudiantes por profesor aumentó de 13 a 18, mientras las publicaciones en revistas de alto impacto pasaron de 54 a 263.",
N-97d4366576,Hospital Santo Tomás transforma su farmacia con un sistema automatizado de B/.2.9 millones,https://www.tvn-2.com/nacionales/hospital-santo-tomas-transforma-farmacia_1_2263212.html,tvn-2.com,es,2026-09-28T19:30:50.000Z,,2026-10-07T00:48:17.789Z,,tvn_sitemap,titular+descripcion,"La nueva plataforma permitirá mejorar el control de inventarios, trazabilidad y manejo de medicamentos, además de automatizar la preparación y distribución de dosis hacia las salas de hospitalización.",
N-597b527e9d,Jubilados madrugan por temor de quedarse sin citas de especialidades en policlínica de San Francisco,https://www.tvn-2.com/nacionales/jubilados-madrugan-citas-especialidades-policlinica-san-francisco_1_2263206.html,tvn-2.com,es,2026-09-28T19:30:27.000Z,,2026-10-07T00:48:19.029Z,,tvn_sitemap,titular+descripcion,Cientos de jubilados acudieron desde las primeras horas de la madrugada a la policlínica Dr. Carlos N. Brin de San Francisco para gestionar citas de especialidades. Algunos expresaron preocupación por esperar durante horas y no encontrar cupos disponibles.,
N-e378197f2e,Panameñistas analizarán salida de Medín Jiménez y no descartan evaluar una revocatoria,https://www.tvn-2.com/nacionales/panamenistas-analizaran-salida-medin-jimenez_1_2263211.html,tvn-2.com,es,2026-09-28T19:23:50.000Z,,2026-10-07T00:54:43.302Z,,tvn_sitemap,titular+descripcion,"Consultado sobre la posibilidad de iniciar un proceso de revocatoria de mandato contra Jiménez, Herrera aseguró que por el momento no es una decisión que esté sobre la mesa, aunque tampoco descartó que pueda ser evaluada posteriormente.",
N-e548948100,Incendio en La Macarronera: Miviot inicia traslado de familias damnificadas,https://www.tvn-2.com/nacionales/incendio-macarronera-miviot-inicia-traslado-familias-damnificadas_1_2263184.html,tvn-2.com,es,2026-09-28T18:58:36.000Z,,2026-10-07T00:54:44.956Z,,tvn_sitemap,titular+descripcion,"El viceministro Méndez  señaló que esperan realizar entre dos y tres traslados durante el día, para que las familias puedan recoger sus pertenencias antes de salir hacia el hotel.",
N-dae83ef44c,Unachi: Comisión de Presupuesto aprueba traslado de partida por $7.7 millones para pago de planilla,https://www.tvn-2.com/nacionales/comision-de-presupuesto-aprueba-unachi-traslado-de-partida-pago-de-planilla-tres-quincenas-agosto-septiembre_1_2263161.html,tvn-2.com,es,2026-09-28T17:45:33.000Z,,2026-10-07T00:54:46.408Z,,tvn_sitemap,titular+descripcion,"El traslado de partida permitiría cubrir tres quincenas adeudadas a unos 2,100 docentes y administrativos. La universidad también acumula una deuda de $18.3 millones en cuotas obrero-patronales con la Caja de Seguro Social.",
N-7924cb1538,Un muerto y cuatro heridos tras descarga eléctrica mientras cavaban un pozo en Colón,https://www.tvn-2.com/nacionales/provincias/muerto-cuatro-heridos-descarga-electrica-pozo-colon_1_2263185.html,tvn-2.com,es,2026-09-28T18:54:46.000Z,,2026-10-07T00:54:47.792Z,,tvn_sitemap,titular+descripcion,"El hecho ocurrió la noche del domingo 27 de septiembre en la comunidad de El Polvorín, corregimiento de Cativá. Según información preliminar, el equipo utilizado para cavar habría tocado un cable de alta tensión.",
N-21523e606e,"Más de 1,000 personas viven en situación de calle en la ciudad de Panamá, según registro municipal",https://www.tvn-2.com/nacionales/mil-personas-viven-situacion-de-calle-ciudad-panama-informe-alcaldia-de-panama-mides_1_2263191.html,tvn-2.com,es,2026-09-28T18:51:03.000Z,,2026-10-07T00:54:49.632Z,,tvn_sitemap,titular+descripcion,El Mides reúne a instituciones y organizaciones para atender a personas en situación de calle.,
N-e12f119fca,Agresiones a docentes en Veraguas: Meduca inicia investigaciones y atención psicopedagógica,https://www.tvn-2.com/nacionales/agresiones-docentes-veraguas-meduca-inicia-investigacion_1_2263187.html,tvn-2.com,es,2026-09-28T18:35:10.000Z,,2026-10-07T00:54:51.272Z,,tvn_sitemap,titular+descripcion,"Los docentes afectados también han presentado las denuncias correspondientes ante la Fiscalía y los jueces de paz, como parte del proceso relacionado con las agresiones, según el Meduca.",
N-b6938d187f,Cámara Minera pide al Gobierno avanzar hacia la reapertura de la mina de Cobre Panamá,https://www.tvn-2.com/nacionales/camara-minera-pide-gobierno-reabrir-mina-donoso-cobre-panama_1_2263172.html,tvn-2.com,es,2026-09-28T18:19:44.000Z,,2026-10-07T00:54:53.182Z,,tvn_sitemap,titular+descripcion,"Según el gremio, prolongar la incertidumbre tiene costos para las comunidades, los trabajadores, los proveedores, la inversión y la gestión ambiental de las instalaciones existentes.",
N-1c60829d35,Camioneros reclaman al MOP pago de $50 mil por trabajos realizados hace 14 meses,https://www.tvn-2.com/nacionales/camioneros-reclaman-pago-ministerio-de-obras-publicas-trabajos_1_2263176.html,tvn-2.com,es,2026-09-28T18:17:34.000Z,,2026-10-07T00:54:54.755Z,,tvn_sitemap,titular+descripcion,"Los transportistas aseguran que participaron en labores de traslado de material pétreo en el sector de Alanje, como parte de los trabajos ejecutados durante una emergencia provocada por las lluvias.",
N-06559af2d7,Ifarhu entrega tarjetas del PASE-U a más de 56 mil acudientes en Panamá Este,https://www.tvn-2.com/nacionales/ifarhu-entrega-tarjetas-pase-u-becas-panama-este_1_2263168.html,tvn-2.com,es,2026-09-28T17:44:44.000Z,,2026-10-07T00:54:56.434Z,,tvn_sitemap,titular+descripcion,El segundo desembolso del PASE-U está previsto para octubre y estará relacionado con la asistencia del estudiante y la participación del acudiente en el programa de Escuela para Padres.,
N-9aa6a8a0ca,Canal de Panamá aumentará a 33 los tránsitos diarios a partir del 15 de octubre,https://www.tvn-2.com/nacionales/canal-de-panama-aumentara-transitos-neopanamax-buques_1_2263165.html,tvn-2.com,es,2026-09-28T17:46:59.000Z,,2026-10-07T00:54:59.398Z,,tvn_sitemap,titular+descripcion,"A partir del próximo 15 de octubre aumentará a 10 tránsitos diarios por las esclusas Neopanamax, para un total de 33 cupos. Además, se autoriza un calado máximo de 14.94 metros (49 pies).",
N-c33739d6fc,'Nuestro súper': la apuesta de Pedidos Ya para acercar la experiencia de compra digital a más hogares,https://www.tvn-2.com/economia/empresas/publirreportajes/super-apuesta-pedidos-acercar-experiencia_1_2263160.html,tvn-2.com,es,2026-09-28T17:24:20.000Z,,2026-10-07T00:55:02.485Z,,tvn_sitemap,titular+descripcion,"¿Qué ocurre detrás de un pedido de supermercado en línea? Esa es la pregunta que busca responder “Nuestro súper”, la nueva campaña regional de PedidosYa Market creada por Anita&Vega para acercar su propuesta de valor a más consumidores.",
N-6a272fda89,Condenan a 5 años de prisión a hombre que agredió y amenazó con arma blanca a su pareja en Coclé,https://www.tvn-2.com/nacionales/judicial/condenan-prision-hombre-agresion-arma-blanca-pareja-cocle_1_2263154.html,tvn-2.com,es,2026-09-28T17:13:29.000Z,,2026-10-07T00:55:05.125Z,,tvn_sitemap,titular+descripcion,"El hecho ocurrió el 7 de mayo de 2023 en la vía hacia el río Las Mendozas, en Penonomé. Como pena accesoria, el condenado tendrá prohibido portar armas durante tres años después de cumplir la pena principal.",
N-1ab0826f56,Olga de Obaldía cuestiona cambios al financiamiento político: 'Abren la puerta al dinero del crimen organizado',https://www.tvn-2.com/nacionales/olga-de-obaldia-cuestiona-cambios-financiamiento-politico-crimen-organizado_1_2263149.html,tvn-2.com,es,2026-09-28T14:15:04.000Z,,2026-10-07T00:55:07.971Z,,tvn_sitemap,titular+descripcion,"La directora ejecutiva de la Fundación para el Desarrollo de la Libertad Ciudadana cuestionó los cambios aprobados en primer debate al proyecto de ley 699 y advirtió sobre los riesgos que, a su juicio, pueden generar mayores topes de financiamiento privado y menores controles.",
N-5d46d6eae4,"Posible escasez eleva riesgo de sobreexplotación de aguas subterráneas, advierte MiAmbiente",https://www.tvn-2.com/nacionales/posible-escasez-eleva-riesgo-sobreexplotacion-aguas-suterraneas-pozos-ministerio-de-ambiente_1_2263144.html,tvn-2.com,es,2026-09-28T13:33:17.000Z,,2026-10-07T00:55:10.526Z,,tvn_sitemap,titular+descripcion,"En 2025 fueron contabilizados alrededor de 3,700 pozos y actualmente las autoridades verifican cuáles permanecen operativos, además de realizar muestreos para conocer la calidad del agua y determinar si es apta para consumo humano, agricultura o actividades pecuarias.",
N-343c0c6540,"Operativos en Veracruz: Policía realizó más de 2,500 verificaciones y 25 allanamientos",https://www.tvn-2.com/nacionales/operativos-veracruz-policia-nacional-seguridad_1_2263140.html,tvn-2.com,es,2026-09-28T12:34:05.000Z,,2026-10-07T00:55:12.694Z,,tvn_sitemap,titular+descripcion,Los operativos continuarán en diferentes puntos de Veracruz con el objetivo de reforzar la seguridad y garantizar la convivencia pacífica.,
N-2c3de7f818,Clima en Panamá: Condiciones calurosas alternadas con aguaceros aislados este lunes,https://www.tvn-2.com/nacionales/clima-condiciones-calurosas-alternadas-aguaceros-pronostico-panama_1_2263136.html,tvn-2.com,es,2026-09-28T11:13:05.000Z,,2026-10-07T00:55:14.602Z,,tvn_sitemap,titular+descripcion,Se prevén índices máximos altos a muy altos en el país (06 a 08+).,
N-77c9599719,Sinaproc atiende ocho incidentes tras las lluvias registradas este domingo,https://www.tvn-2.com/nacionales/sinaproc-atiende-ocho-incidentes-lluvias-domingo_1_2263134.html,tvn-2.com,es,2026-09-28T10:48:58.000Z,,2026-10-07T00:55:16.521Z,,tvn_sitemap,titular+descripcion,"Los reportes fueron registrados entre las 8:00 a.m. y las 8:00 p.m., período en el que el COE Nacional recibió 18 llamadas, de las cuales tres correspondieron a emergencias y 15 a consultas. También se recibieron cuatro reportes mediante WhatsApp.",
N-02a9e03852,Guararé celebra el desfile de carretas de la edición 74 del Festival Nacional de la Mejorana,https://www.tvn-2.com/nacionales/guarare-celebra-desfile-carretas-festival-de-la-mejorana_1_2263112.html,tvn-2.com,es,2026-09-28T00:32:47.000Z,,2026-10-07T00:55:18.152Z,,tvn_sitemap,titular+descripcion,"Delegaciones de distintas partes del país participaron en el gran desfile típico folclórico, una de las principales actividades de la edición número 74 del festival.",
N-58ce03fe10,Limpieza de playas: MiAmbiente pide mayor conciencia para evitar que los desechos lleguen a ríos y mares,https://www.tvn-2.com/nacionales/limpieza-playas-miambiente-pide-mayor-conciencia-evitar-desechos-plasticos-mares-rios_1_2263050.html,tvn-2.com,es,2026-09-27T18:00:20.000Z,,2026-10-07T00:55:20.057Z,,tvn_sitemap,titular+descripcion,"Durante una jornada de limpieza de playas en Panamá Viejo, el viceministro de Ambiente, Óscar Vallarino, destacó la necesidad de reducir el uso de plástico y mejorar la disposición de los desechos.",
N-68950fb12e,Deslizamiento de tierra afecta viviendas en La Chorrera tras fuertes lluvias,https://www.tvn-2.com/nacionales/deslizamiento-tierra-afecta-viviendas-la-chorrera_1_2263066.html,tvn-2.com,es,2026-09-27T20:32:53.000Z,,2026-10-07T00:55:21.910Z,,tvn_sitemap,titular+descripcion,"Sinaproc atendió la emergencia en Barrio Balboa, San Nicolás, donde tres viviendas se encuentran en el área afectada. Los residentes fueron advertidos sobre el riesgo de nuevos desprendimientos.",
N-43f829e30b,Protegen nidos de tortugas marinas para garantizar su llegada al mar en Veraguas,https://www.tvn-2.com/nacionales/provincias/veraguas-nidos-tortugas-marinas-biodiversidad_1_2263091.html,tvn-2.com,es,2026-09-28T00:08:13.000Z,,2026-10-07T00:55:23.744Z,,tvn_sitemap,titular+descripcion,"Cientos de personas llegan cada año a las playas de la costa sur de Veraguas, en Mariato, para presenciar la liberación de tortugas marinas. Sin embargo, antes de que las crías lleguen al mar, existe un proceso de protección que comienza con la búsqueda y reubicación de los nidos.",
N-f3ab07c510,Expo Capac 2026 concentró ofertas de vivienda y proyecta transacciones por $100 millones,https://www.tvn-2.com/nacionales/expo-capac-2026-reune-ofertas-vivienda-transacciones-millonarias_1_2263101.html,tvn-2.com,es,2026-09-27T23:58:29.000Z,,2026-10-07T00:55:25.487Z,,tvn_sitemap,titular+descripcion,Los organizadores estiman que el evento generará transacciones por unos $100 millones.,
N-cb0037d516,Medallistas veragüenses de los Codicader serán abanderados en desfiles patrios,https://www.tvn-2.com/nacionales/provincias/medallistas-codicader-abanderados-atletas-deportistas-veraguas-fiestas-patrias_1_2263077.html,tvn-2.com,es,2026-09-27T23:49:54.000Z,,2026-10-07T00:55:27.336Z,,tvn_sitemap,titular+descripcion,Los atletas recibieron un reconocimiento por su participación y las medallas obtenidas durante la competencia estudiantil internacional.,
N-7ff97156f5,Nueva terminal de transporte de Colón prevé iniciar operaciones en octubre,https://www.tvn-2.com/nacionales/provincias/nueva-terminal-transporte-colon-autoridad-de-transito-y-transporte-terrestre_1_2262980.html,tvn-2.com,es,2026-09-27T23:44:10.000Z,,2026-10-07T00:55:28.838Z,,tvn_sitemap,titular+descripcion,"El proyecto de capital privado contempla espacios para buses, sistemas de seguridad y la incorporación progresiva de rutas de transporte.",
N-066f205d84,"Casco Peatonal reúne a cientos de visitantes entre música, cultura y tradición",https://www.tvn-2.com/nacionales/casco-peatonal-reune-cientos-visitantes-musica-cultura-tradicion-gastronomia_1_2263070.html,tvn-2.com,es,2026-09-27T21:54:54.000Z,,2026-10-07T00:55:30.705Z,,tvn_sitemap,titular+descripcion,"La Plaza Catedral fue uno de los puntos de encuentro de la jornada, con presentaciones musicales que atrajeron a nacionales y turistas.",
N-af45030f84,Falta de médicos generales y especialistas preocupa a representantes de Bocas del Toro,https://www.tvn-2.com/nacionales/falta-medicos-generales-especialistas-preocupa-representantes-bocas-del-toro_1_2263087.html,tvn-2.com,es,2026-09-27T23:10:55.000Z,,2026-10-07T00:55:32.267Z,,tvn_sitemap,titular+descripcion,Los 18 representantes de corregimiento que participaron en la reunión manifestaron su preocupación por la falta de personal médico en los centros de salud y las dificultades para cumplir con los horarios de atención establecidos.,
N-cb45ac966b,Asesinan a hombre dentro de un vehículo en Antón; hay dos aprehendidos,https://www.tvn-2.com/nacionales/asesinan-hombre-vehiculo-rio-hato-aprehendidos-anton_1_2263083.html,tvn-2.com,es,2026-09-27T22:28:06.000Z,,2026-10-07T00:55:33.844Z,,tvn_sitemap,titular+descripcion,"Tras un operativo desplegado en el área, agentes policiales ubicaron y aprehendieron a dos personas presuntamente vinculadas con el homicidio, quienes serán puestas a disposición de las autoridades competentes y llevadas ante un juez de garantías.",
N-410bc2416f,Acodeco recibe 375 quejas por incumplimiento de beneficios para jubilados y personas con discapacidad,https://www.tvn-2.com/nacionales/acodeco-recibe-375-quejas-incumplimiento_1_2263054.html,tvn-2.com,es,2026-09-27T18:25:14.000Z,,2026-10-07T00:55:35.362Z,,tvn_sitemap,titular+descripcion,"Entre enero y agosto de 2026, la entidad recibió 324 quejas relacionadas con la Ley 6 y otras 51 vinculadas a la Ley 134. También se impusieron 34 sanciones en primera instancia.",
N-128d8a5e88,Apede pide revisar reformas al Código Electoral: 'Necesitamos construir un sistema electoral sólido',https://www.tvn-2.com/nacionales/apede-pide-revisar-reformas-codigo-electoral_1_2263041.html,tvn-2.com,es,2026-09-27T16:20:28.000Z,,2026-10-07T00:55:37.138Z,,tvn_sitemap,titular+descripcion,Uno de los principales cuestionamientos de la organización está relacionado con la propuesta que limitaría la facultad del Tribunal Electoral para aprobar o modificar disposiciones destinadas a reglamentar situaciones que surjan una vez iniciado el proceso electoral.,
N-f056433f45,Minsa refuerza prevención ante comportamiento del dengue y virus respiratorios,https://www.tvn-2.com/nacionales/minsa-refuerza-prevencion-comportamiento-dengue_1_2263034.html,tvn-2.com,es,2026-09-27T15:25:42.000Z,,2026-10-07T00:55:38.921Z,,tvn_sitemap,titular+descripcion,"El Ministerio de Salud reportó 8,060 casos acumulados de dengue y 63 defunciones por influenza en lo que va de 2026.",
N-1f9e81f95a,Niegan ingreso a Panamá a extranjero registrado como ofensor sexual,https://www.tvn-2.com/nacionales/niegan-ingreso-panama-extranjero-registrado-el-salvador-ofensor-sexual_1_2263032.html,tvn-2.com,es,2026-09-27T15:00:49.000Z,,2026-10-07T00:55:40.814Z,,tvn_sitemap,titular+descripcion,El extranjero figura en registros como ofensor sexual y mantiene una condena vigente en Estados Unidos por delitos relacionados con amenazas y acoso contra una menor de edad.,
N-79105c1141,Cámara de Comercio cuestiona cambios al Código Electoral y pide revisar el proyecto,https://www.tvn-2.com/nacionales/camara-comercio-cuestiona-cambios-codigo-electoral-asamblea-nacional-diputados_1_2263031.html,tvn-2.com,es,2026-09-27T14:33:46.000Z,,2026-10-07T00:55:42.536Z,,tvn_sitemap,titular+descripcion,"El presidente de la Cámara de Comercio, Aurelio Barría Pino, expresó preocupación por las modificaciones aprobadas durante el primer debate y pidió que el segundo debate se realice con transparencia y sin prisa.",
N-52294fe28b,XCom Latam 2026 reunirá en Panamá a más de 45 medios y líderes de la comunicación,https://www.tvn-2.com/nacionales/xcom-latam-2026-panama-medios-comunicacion-lideres_1_2262850.html,tvn-2.com,es,2026-09-27T14:00:36.000Z,,2026-10-07T00:55:44.412Z,,tvn_sitemap,titular+descripcion,"Representantes de diversos medios de comunicación de Panamá y Latinoamérica se reunirán para analizar el impacto de la inteligencia artificial, la reputación, el liderazgo, las audiencias y los nuevos modelos de comunicación.",
N-88c8e5d964,Trabajos de mantenimiento reducirán capacidad de la potabilizadora de Monte Esperanza este domingo,https://www.tvn-2.com/nacionales/trabajos-mantenimiento-reduciran-capacidad-potabilizadora-monte-esperanza-idaan-canal-de-panama_1_2263029.html,tvn-2.com,es,2026-09-27T13:37:36.000Z,,2026-10-07T00:55:46.122Z,,tvn_sitemap,titular+descripcion,"Los trabajos se desarrollarán de 7:00 a.m. a 7:00 p.m., período durante el cual la planta operará al 64% de su capacidad.",
N-c312aa3bf9,Clima en Panamá: Lluvias y tormentas fuertes en el occidente; aguaceros aislados en el resto del país,https://www.tvn-2.com/nacionales/clima-panama-lluvias-tormentas-fuertes-pronostico-tiempo-meteorologia_1_2263025.html,tvn-2.com,es,2026-09-27T11:36:32.000Z,,2026-10-07T00:55:47.693Z,,tvn_sitemap,titular+descripcion,Piden seguir las recomendaciones y normas del Sistema Nacional de Protección Civil.,
N-0e3ce99094,Damnificados de incendio en La Macarronera se reúnen con autoridades,https://www.tvn-2.com/nacionales/damnificados-incendio-macarronera-reunen-autoridades_1_2262927.html,tvn-2.com,es,2026-09-26T15:15:10.000Z,,2026-10-07T00:55:49.434Z,,tvn_sitemap,titular+descripcion,"Las 150 personas afectadas por el incendio permanecen temporalmente en el gimnasio, mientras MIDES, CSS, Minsa y la Junta Comunal coordinan la atención.",
N-5a6bacf478,"Panamá Oeste pide mayor despliegue policial ante denuncias de robos, homicidios y drogas",https://www.tvn-2.com/nacionales/panama-oeste-pide-mayor-despliegue-seguridad-robo-drogas-homicidios_1_2263011.html,tvn-2.com,es,2026-09-27T01:01:09.000Z,,2026-10-07T00:55:51.187Z,,tvn_sitemap,titular+descripcion,"El ministro de Seguridad indicó que las solicitudes de mayor presencia policial, vehículos y motocicletas son evaluadas dentro de las decisiones que se toman para reforzar la seguridad en los distintos distritos de la provincia.",
N-b5d26d5338,Orquesta Sinfónica Nacional llena de público el Centro de Arte y Cultura de Colón,https://www.tvn-2.com/nacionales/provincias/publico-colon-orquesta-sinfonica-nacional-arte-cultura_1_2262974.html,tvn-2.com,es,2026-09-27T00:16:45.000Z,,2026-10-07T00:55:53.203Z,,tvn_sitemap,titular+descripcion,Los asistentes disfrutaron de un repertorio de música clásica y pidieron que estas actividades continúen llegando a la provincia.,
N-a6d8cd4d42,Una mirada artística a la historia del Darién llega al Museo del Canal,https://www.tvn-2.com/nacionales/mirada-artistica-historia-darien-llega-museo-del-canal-isabel-de-obaldia_1_2262999.html,tvn-2.com,es,2026-09-27T00:25:59.000Z,,2026-10-07T00:55:54.710Z,,tvn_sitemap,titular+descripcion,"La exposición Marta Tenebroso, Selva Indomable, de la artista panameña Isabel de Obaldía, reúne más de 60 obras inspiradas en mapas, relatos, crónicas y archivos históricos sobre el Darién.",
N-59c531d4bb,Veraguas muestra su potencial en la primera 'Feria de expresiones turísticas',https://www.tvn-2.com/nacionales/veraguas-muestra-potencial-primera-feria_1_2262975.html,tvn-2.com,es,2026-09-27T00:22:42.000Z,,2026-10-07T00:55:56.678Z,,tvn_sitemap,titular+descripcion,"Los 12 distritos de Veraguas participaron como anfitriones de una actividad que busca promover sus atractivos, cultura, folclore y artesanías, tanto entre visitantes nacionales como extranjeros.",
N-13d21d2cdd,"Dorindo Cárdenas, el músico que convirtió al Festival de la Mejorana en una canción",https://www.tvn-2.com/nacionales/provincias/dorindo-cardenas-musico-convirtio-festival-mejorana-cancion_1_2262987.html,tvn-2.com,es,2026-09-27T00:05:37.000Z,,2026-10-07T00:55:58.397Z,,tvn_sitemap,titular+descripcion,"En el corazón de Azuero, donde la tradición se convierte en música y el folclore forma parte de la identidad nacional, la figura de",
N-85d62125f9,"Ministro de Seguridad respalda toque de queda en Veracruz, pero decisión está en manos de la alcaldesa",https://www.tvn-2.com/nacionales/ministro-seguridad-respalda-toque-queda-veracruz-alcaldesa-panama-oeste_1_2262958.html,tvn-2.com,es,2026-09-26T21:09:04.000Z,,2026-10-07T00:56:00.755Z,,tvn_sitemap,titular+descripcion,"El ministro de Seguridad señaló que la Policía Nacional está dispuesta a colaborar si se establece un toque de queda en Veracruz, pero aclaró que la autoridad para tomar esta decisión corresponde a los gobiernos locales.",
N-89b18ce03c,Baja matrícula provoca el cierre de 36 escuelas en Los Santos,https://www.tvn-2.com/nacionales/baja-matricula-provoca-cierre-escuelas-los-santos_1_2262970.html,tvn-2.com,es,2026-09-26T23:41:11.000Z,,2026-10-07T00:56:02.491Z,,tvn_sitemap,titular+descripcion,Las autoridades educativas deberán evaluar las condiciones de los planteles afectados por la baja matrícula y las necesidades de las comunidades.,
N-a9152f418f,Transportistas del interior del país piden reunión urgente con Mulino por alza del combustible,https://www.tvn-2.com/nacionales/transportistas-interior-pais-piden-reunion-jose-raul-mulino-combustible-subsidio_1_2262956.html,tvn-2.com,es,2026-09-26T19:52:35.000Z,,2026-10-07T00:56:04.197Z,,tvn_sitemap,titular+descripcion,"Los transportistas piden la reinstalación de la mesa de trabajo con el Gobierno, con el propósito de buscar alternativas que permitan garantizar la continuidad del servicio, proteger a los usuarios y mantener la sostenibilidad de las empresas transportistas.",
N-d8901f199b,Accidente con retroexcavadora deja un muerto y un herido grave en Las Mañanitas,https://www.tvn-2.com/nacionales/accidente-retroexcavadora-deja-muerto-herido-las-mananitas_1_2262982.html,tvn-2.com,es,2026-09-26T23:23:50.000Z,,2026-10-07T00:56:05.778Z,,tvn_sitemap,titular+descripcion,"Tras el accidente, se confirmó la muerte del operador del equipo pesado, mientras que el colaborador que lo acompañaba fue trasladado a un centro hospitalario, donde permanece en estado delicado.",
N-8b2b00bd5b,Cancelan simulaciones del Cuarto Puente previstas para este 28 y 29 de septiembre,https://www.tvn-2.com/nacionales/simulaciones-cuarto-puente-provocaran-cierres-amador-balboa-transporte_1_2262955.html,tvn-2.com,es,2026-09-26T20:10:01.000Z,,2026-10-07T00:56:07.275Z,,tvn_sitemap,titular+descripcion,"Las maniobras se realizarán los días 28 y 29 de septiembre, entre las 10:00 p.m. y las 4:00 a.m., en el trayecto entre Amador y Balboa. Se contemplan cierres parciales y bloqueos temporales de unos 10 minutos.",
N-e9b0413bd6,Decretan detención provisional a músico investigado por muerte de menor,https://www.tvn-2.com/nacionales/judicial/musico-queda-detencion-provisional-muerte-atropello-menor-chiriqui_1_2262961.html,tvn-2.com,es,2026-09-26T20:50:00.000Z,,2026-10-07T00:56:08.803Z,,tvn_sitemap,titular+descripcion,"El accidente se registró cuando el conductor de una camioneta atropelló a dos personas. Uno de los afectados, un adolescente de 17 años, falleció posteriormente en un centro hospitalario.",
N-b94af5f880,"Casos de dengue bajan 27.3% en Panamá, pero Minsa pide no bajar la guardia",https://www.tvn-2.com/nacionales/casos-dengue-bajan-panama-ministerio-de-salud_1_2262946.html,tvn-2.com,es,2026-09-26T18:40:09.000Z,,2026-10-07T00:56:10.470Z,,tvn_sitemap,titular+descripcion,"Hasta la semana epidemiológica 35 se acumulan 8,060 casos de dengue, frente a los 11,088 registrados en el mismo periodo de 2025.",
N-5356435b65,Sinaproc emite aviso de prevención por lluvias y tormentas hasta el domingo,https://www.tvn-2.com/nacionales/sinaproc-emite-aviso-prevencion-lluvias-tormentas-onda-tropical_1_2262944.html,tvn-2.com,es,2026-09-26T17:40:41.000Z,,2026-10-07T00:56:12.079Z,,tvn_sitemap,titular+descripcion,"El aviso responde al ingreso de la onda tropical N.° 48 al territorio nacional, además de la influencia de la vaguada monzónica al norte del país y los elevados niveles de humedad, condiciones que favorecerán una atmósfera inestable.",
N-0175605ecd,Operación Pacífico en Veracruz deja tres aprehendidos y decomiso de presunta droga,https://www.tvn-2.com/nacionales/operacion-pacifico-veracruz-deja-tres-aprehendidos-decomiso-de-drogas_1_2262942.html,tvn-2.com,es,2026-09-26T17:15:30.000Z,,2026-10-07T00:56:13.792Z,,tvn_sitemap,titular+descripcion,Tres personas fueron aprehendidas y se decomisaron sustancias ilícitas durante el segundo día de operativos de la,
N-ecc6feb1e9,"Reino Unido pone la mirada en Darién: crecimiento económico, ambiente y seguridad entre sus prioridades",https://www.tvn-2.com/nacionales/reino-unido-pone-mirada-darien-ambiente-seguridad-crecimiento-economico_1_2262937.html,tvn-2.com,es,2026-09-26T16:45:11.000Z,,2026-10-07T00:56:15.532Z,,tvn_sitemap,titular+descripcion,"El embajador británico en Panamá, Greg Houston, visitó la provincia de Darién y sostuvo un encuentro con la alcaldesa de Pinogana, Nadine González.",
N-a67d8a76d7,"Hallan armas, municiones y presunta droga dentro de un vehículo en Paso Blanco",https://www.tvn-2.com/nacionales/hallan-armas-municiones-presunta-droga-decomiso-vehiculo-hurto-paso-blanco-las-garzas_1_2262931.html,tvn-2.com,es,2026-09-26T16:00:29.000Z,,2026-10-07T00:56:17.297Z,,tvn_sitemap,titular+descripcion,"En el automóvil también fueron ubicados una pesa digital y equipos tecnológicos, según informó la Policía Nacional.",
N-c240cfec20,Panamá busca posicionarse como centro regional de investigación médica,https://www.tvn-2.com/nacionales/panama-busca-posicionarse-centro-regional-investigacion-medica-ministerio-de-salud_1_2262928.html,tvn-2.com,es,2026-09-26T15:30:53.000Z,,2026-10-07T00:56:19.023Z,,tvn_sitemap,titular+descripcion,"La VI Jornada Clínica del GELL está enfocada en la actualización e intercambio científico sobre las enfermedades linfoproliferativas, incluyendo avances relacionados con su diagnóstico y tratamiento.",
N-d62c6c8ef5,Detectan a ciudadano boliviano requerido por delito contra la libertad sexual,https://www.tvn-2.com/nacionales/detectan-ciudadano-boliviano-requerido-delito-sexual_1_2262922.html,tvn-2.com,es,2026-09-26T14:09:11.000Z,,2026-10-07T00:56:20.737Z,,tvn_sitemap,titular+descripcion,El hombre se encontraba en tránsito hacia México cuando los controles migratorios en Tocumen confirmaron que mantenía una orden de arresto vigente.,
N-5882747bb9,Panamá ampliará en 2027 el censo de jaguares hacia Chiriquí y Volcán Barú,https://www.tvn-2.com/nacionales/panama-ampliara-2027-censo-jaguares-chiriqui-volcan-baru_1_2262908.html,tvn-2.com,es,2026-09-26T13:00:26.000Z,,2026-10-07T00:56:22.638Z,,tvn_sitemap,titular+descripcion,"El cambio de percepción sobre los grandes felinos, el uso de cámaras trampa y una creciente participación comunitaria fortalecen los esfuerzos de conservación.",
N-6b0e2127ff,"Clima en Panamá: Prevén lluvias y tormentas, algunas muy fuertes, en zonas montañosas",https://www.tvn-2.com/nacionales/clima-panama-preven-lluvias-tormentas-montanas-pronostico-sinaproc-imhpa-meteorologia_1_2262917.html,tvn-2.com,es,2026-09-26T11:24:51.000Z,,2026-10-07T00:56:24.318Z,,tvn_sitemap,titular+descripcion,Piden seguir las recomendaciones y normas del Sistema Nacional de Protección Civil (Sinaproc).,
N-f0398ca2a8,¡Preocupante! Nueve embarazadas en Veraguas han sido diagnosticadas con VIH en lo que va del año,https://www.tvn-2.com/nacionales/provincias/embarazadas-veraguas-diagnostico-vih-sifilis-salud_1_2262843.html,tvn-2.com,es,2026-09-25T22:25:56.000Z,,2026-10-07T00:56:26.122Z,,tvn_sitemap,titular+descripcion,"Las autoridades de salud también reportan 11 fallecimientos de pacientes con VIH en lo que va del año. Ante estas cifras, se reiteró el llamado a realizarse pruebas y mantener prácticas sexuales responsables.",
N-0e6f51a6fc,Incendio en La Macarronera: Habilitan centro de acopio; damnificados necesitan alimentos y útiles escolares,https://www.tvn-2.com/nacionales/incendio-macarronera-alcaldia-panama-activa_1_2262861.html,tvn-2.com,es,2026-09-25T22:52:54.000Z,,2026-10-07T00:56:27.866Z,,tvn_sitemap,titular+descripcion,La Alcaldía hizo un llamado a quienes deseen colaborar con las familias afectadas a llevar donaciones al centro de acopio habilitado en la Junta Comunal de Calidonia.,
N-f06be638b5,Esculturas bajo el mar: una iniciativa que busca restaurar los arrecifes de Panamá,https://www.tvn-2.com/nacionales/esculturas-mar-iniciativa-busca-restaurar_1_2262892.html,tvn-2.com,es,2026-09-26T01:25:30.000Z,,2026-10-07T00:56:29.709Z,,tvn_sitemap,titular+descripcion,"Los océanos enfrentan desafíos cada vez mayores relacionados con fenómenos como el cambio climático y El Niño, por lo que consideran necesario fortalecer las acciones de conservación y restauración.",
N-daf5c353cf,Historias que inspiran: estudiantes del IPHE demuestran que no hay barreras para alcanzar sus metas,https://www.tvn-2.com/nacionales/historias-inspiran-estudiantes-iphe-demuestran_1_2262886.html,tvn-2.com,es,2026-09-26T01:19:41.000Z,,2026-10-07T00:56:31.541Z,,tvn_sitemap,titular+descripcion,"Durante la actividad denominada “Experiencias exitosas 2026”, los estudiantes tuvieron la oportunidad de mostrar parte de las habilidades que han desarrollado en las aulas y en diferentes actividades.",
N-2f0849ce11,Expo Capac 2026: compradores buscan viviendas más accesibles y opciones de financiamiento,https://www.tvn-2.com/nacionales/expo-capac-compradores-buscan-viviendas_1_2262878.html,tvn-2.com,es,2026-09-26T01:16:35.000Z,,2026-10-07T00:56:33.458Z,,tvn_sitemap,titular+descripcion,"Jóvenes, parejas y familias recorren la feria en busca de su primera vivienda o de propiedades para inversión. Entre las opciones también evalúan precios, acceso al agua y energía, así como requisitos bancarios.",
N-30744bd4c7,17 plantas de tratamiento de barriadas ponen en riesgo fuentes de agua para potabilizadoras,https://www.tvn-2.com/nacionales/17-plantas-tratamiento-barriadas-ponen_1_2262900.html,tvn-2.com,es,2026-09-26T01:15:37.000Z,,2026-10-07T00:56:35.243Z,,tvn_sitemap,titular+descripcion,"Unas 17 plantas de tratamiento de aguas residuales ubicadas en barriadas estarían representando un riesgo para las cuencas que abastecen a plantas potabilizadoras del país, de acuerdo con el",
N-a76f380762,Cepanim | Entrega de certificados a sobrevivientes comenzaría entre octubre y noviembre,https://www.tvn-2.com/nacionales/cepanim-entrega-certificados-sobrevivientes-comenzaria_1_2262903.html,tvn-2.com,es,2026-09-26T01:14:18.000Z,,2026-10-07T00:56:36.962Z,,tvn_sitemap,titular+descripcion,"Actualmente, las autoridades se encuentran en el proceso de validación de los formularios y documentos presentados por los beneficiarios y los sobrevivientes de personas fallecidas que tienen derecho al certificado.",
N-a03c50acc2,Decretan detención provisional a tres presuntos reclutadores vinculados con viajes a Rusia,https://www.tvn-2.com/nacionales/decretan-detencion-provisional-tres-presuntos_1_2262897.html,tvn-2.com,es,2026-09-26T01:13:00.000Z,,2026-10-07T00:56:38.489Z,,tvn_sitemap,titular+descripcion,"Como parte de las pesquisas, el Ministerio Público realizó inspecciones en dos entidades bancarias los días 16 y 18 de septiembre, con el objetivo de recabar información relacionada con las transacciones bajo investigación.",
N-b1fca60ed5,Diputado Medín Jiménez del 4-4 renuncia al partido Panameñista,https://www.tvn-2.com/nacionales/diputado-medin-jimenez-renuncia-panamenista_1_2262883.html,tvn-2.com,es,2026-09-26T00:43:52.000Z,,2026-10-07T00:56:40.046Z,,tvn_sitemap,titular,,
N-c2c94ab4f4,Guararé celebra el Festival Nacional de la Mejorana con folclore y cultura,https://www.tvn-2.com/nacionales/provincias/festival-nacional-de-la-mejorana-celebra-guarare-folclore-cultura_1_2262875.html,tvn-2.com,es,2026-09-26T00:10:26.000Z,,2026-10-07T00:56:41.573Z,,tvn_sitemap,titular+descripcion,"El festival reúne durante el fin de semana delegaciones folclóricas, concursos, presentaciones musicales y el tradicional desfile de carretas, mientras más de 300 agentes de la Policía Nacional estarán desplegados para reforzar la seguridad.",
N-d1c1d05625,Cuarto puente: MOP instruye al consorcio corregir fallas de seguridad laboral tras suspensión parcial del proyecto,https://www.tvn-2.com/nacionales/cuarto-puente-mop-instruye-consorcio-corregir-fallas-seguridad-laboral_1_2262869.html,tvn-2.com,es,2026-09-25T23:29:03.000Z,,2026-10-07T00:56:43.122Z,,tvn_sitemap,titular+descripcion,"Los frentes suspendidos son M4, M6, Cerro Sosa y las fundaciones W13, W14 y W15, ubicados en el área de Panamá Oeste. La suspensión también comprende las plantas de concreto de los sectores Este y Oeste.",
N-badcdda52f,CSS brinda más de 100 mil consultas al año para el neurodesarrollo de bebés prematuros,https://www.tvn-2.com/nacionales/css-brinda-100-mil-consultas_1_2262838.html,tvn-2.com,es,2026-09-25T22:14:21.000Z,,2026-10-07T00:56:44.848Z,,tvn_sitemap,titular+descripcion,"La atención está a cargo de un equipo multidisciplinario conformado por pediatras, fisioterapeutas, terapeutas ocupacionales, estimuladores tempranos, psicólogos y fonoaudiólogos, quienes intervienen en diferentes áreas del desarrollo infantil.",
N-6afa78d5ca,Panamá muestra su diversidad cultural como País Invitado de Honor en la FIL Santo Domingo 2026,https://www.tvn-2.com/economia/empresas/publirreportajes/panama-muestra-diversidad-cultural-pais_1_2262840.html,tvn-2.com,es,2026-09-25T22:09:21.000Z,,2026-10-07T00:56:46.656Z,,tvn_sitemap,titular+descripcion,"La literatura ocupa un lugar central en la agenda panameña, con la participación de autores en presentaciones de libros, conversatorios y encuentros dedicados a temas como poesía, narrativa, memoria, identidad, territorio, literatura infantil y creación literaria.",
N-07edbb6195,Caja de Seguro Social habilita centros de vacunación este fin de semana: Estos son los horarios y requisitos,https://www.tvn-2.com/nacionales/caja-de-seguro-social-habilita-centros-vacunacion-horarios-requisitos_1_2262837.html,tvn-2.com,es,2026-09-25T21:58:07.000Z,,2026-10-07T00:56:48.202Z,,tvn_sitemap,titular+descripcion,La CSS habilitó centros de vacunación en todo el territorio nacional para reforzar el plan de inmunización.,
N-8a978efe1d,Declaran ilegal aprehensión de apartamento e José Gabriel Carrizo investigado por presunto enriquecimiento injustificado,https://www.tvn-2.com/nacionales/judicial/josegabrielcarrizo-declaran-ilegal-aprehension-apartamento_1_2262834.html,tvn-2.com,es,2026-09-25T21:24:58.000Z,,2026-10-07T00:56:49.712Z,,tvn_sitemap,titular+descripcion,"El caso se encamina a la fase intermedia, donde se discutirá la acusación y las pruebas antes de determinar si procede un juicio oral. Mientras tanto, el exvicepresidente se mantiene con detención domiciliaria.",
N-b89fa20f89,"Violencia doméstica, maltrato infantil y a adultos mayores aumentan en Panamá",https://www.tvn-2.com/nacionales/violencia-domestica-maltrato-infantil-adultos-aumenta_1_2262832.html,tvn-2.com,es,2026-09-25T21:01:11.000Z,,2026-10-07T00:56:51.219Z,,tvn_sitemap,titular+descripcion,"El Primer Distrito Judicial, que comprende Panamá, San Miguelito y Panamá Oeste, concentra 10,694 denuncias, equivalentes al 64% del total nacional. De estas, 7,867 corresponden a violencia doméstica.",
N-6f880fb25c,Juez multa al director del Senan por no trasladar a Alex Lee desde Coiba a una audiencia en Colón,https://www.tvn-2.com/nacionales/judicial/alex-lee-juez-multa-director-senan-incumplimiento-traslado-colon_1_2262825.html,tvn-2.com,es,2026-09-25T20:31:16.000Z,,2026-10-07T00:56:52.569Z,,tvn_sitemap,titular+descripcion,"Ante la ausencia del exfuncionario, la audiencia de afectación de derechos fue reprogramada para el próximo 14 de octubre.",
N-95f192dd2a,TVN Media recibe seis nominaciones en los Premios Victoria 2026,https://www.tvn-2.com/nacionales/tvn-media-recibe-nominaciones-premios-victoria_1_2262822.html,tvn-2.com,es,2026-09-25T20:22:16.000Z,,2026-10-07T00:56:54.084Z,,tvn_sitemap,titular+descripcion,"La gala de los Premios Victoria 2026 se realizará el 22 de octubre, mientras que la alfombra roja está programada para las 6:00 p. m. TVN Media participa con seis nominaciones en distintas categorías.",
N-03fccb4fdb,Universidad Tecnológica gradúa a 179 nuevos profesionales en Chiriquí,https://www.tvn-2.com/nacionales/universidad-tecnologica-de-panama-chiriqui-graduacion-diplomas_1_2262771.html,tvn-2.com,es,2026-09-25T20:00:52.000Z,,2026-10-07T00:56:55.566Z,,tvn_sitemap,titular+descripcion,"Los egresados provienen de las diversas carreras que ofrece la entidad académica en las áreas de ingeniería, tecnología y afines.",
N-66bb6d8050,Roban mercancía de una joyería en Penonomé tras forzar su acceso; hay un aprehendido,https://www.tvn-2.com/nacionales/provincias/forzan-acceso-roban-joyeria-penonome-aprehendido_1_2262806.html,tvn-2.com,es,2026-09-25T19:44:25.000Z,,2026-10-07T00:56:57.326Z,,tvn_sitemap,titular+descripcion,El hecho ocurrió cerca de las 3:00 a. m. de este viernes en un establecimiento ubicado en la avenida Central. El Ministerio Público adelanta las investigaciones para determinar el monto de lo sustraído y la posible participación de otras personas.,
N-3137874f0d,Rocío Jiménez reclama justicia tras 33 años de contraer VIH por una transfusión de sangre,https://www.tvn-2.com/nacionales/rocio-jimenez-reclama-justicia-vih-transfusion-de-sangre_1_2262811.html,tvn-2.com,es,2026-09-25T19:43:42.000Z,,2026-10-07T00:56:58.956Z,,tvn_sitemap,titular+descripcion,"Jiménez asegura que contrajo VIH a los siete años, cuando recibía tratamiento por leucemia y necesitó una transfusión de sangre. Acompañada por Probidsida, volvió a pedir que se atienda su caso.",
N-ba23096c74,Mundo Verde de TVN Noticias gana premio por reportaje sobre cocodrilos en Panamá,https://www.tvn-2.com/nacionales/mundo-verde-tvn-noticias-gana-premio-mes-de-los-oceanos-reportaje-cocodrilos_1_2262814.html,tvn-2.com,es,2026-09-25T19:38:52.000Z,,2026-10-07T00:57:00.766Z,,tvn_sitemap,titular+descripcion,"A través de esta investigación también se busca comprender la relación entre estos animales y los cambios en su hábitat, un aspecto que puede explicar su aparición en zonas cada vez más cercanas a la población.",
N-cf1519207e,Certamen de la Voz y el Canto Folclórico Manuel F. Zarate reúne al talento juvenil en Chepo,https://www.tvn-2.com/nacionales/concurso-folclorico-manuel-fernando-zarate-talento-manuelfzarate-chepo_1_2262797.html,tvn-2.com,es,2026-09-25T19:05:38.000Z,,2026-10-07T00:57:02.530Z,,tvn_sitemap,titular+descripcion,"Nueve colegios en Panamá Este participaron en el certamen, realizado en la escuela Venancio Fenosa Pascual de Chepo, que reunió a estudiantes en distintas modalidades del folclore panameño.",
N-a52158125a,Incendio en La Macarronera: 38 familias lo pierden todo en cuestión de minutos y claman por ayuda,https://www.tvn-2.com/nacionales/incendio-barraca-la-macarronera-calle-29-bomberos-panama-fuego_1_2262805.html,tvn-2.com,es,2026-09-25T19:00:00.000Z,,2026-10-07T00:57:04.250Z,,tvn_sitemap,titular+descripcion,"El material de la estructura favoreció la rápida propagación del fuego, según explicó el coronel. Hay explosiones, el fuego estaría e",
N-ba49afd7fb,Acodeco registra 280 quejas contra inmobiliarias por más de $13.2 millones,https://www.tvn-2.com/nacionales/acodeco-registra-quejas-inmobiliarias_1_2262786.html,tvn-2.com,es,2026-09-25T18:54:19.000Z,,2026-10-07T00:57:05.892Z,,tvn_sitemap,titular+descripcion,"La devolución de dinero fue el motivo que acumuló la mayor cantidad de quejas, con 146 casos y un monto reclamado de 3,053,897.06 de dólares.",
N-0486b72d42,Se entrega hombre vinculado a atropello y fuga que dejó un menor muerto en Dolega,https://www.tvn-2.com/nacionales/entrega-hombre-vinculado-atropello-fuga-dolega_1_2262798.html,tvn-2.com,es,2026-09-25T18:53:01.000Z,,2026-10-07T00:57:08.123Z,,tvn_sitemap,titular+descripcion,El hombre de aproximadamente 30 años señalado por su presunta vinculación con un,
N-771be70b4f,Proyecto del cuarto puente: Mitradel paraliza parcialmente la obra tras caída de un trabajador,https://www.tvn-2.com/nacionales/proyecto-cuarto-puente-mitradel-ministra-jackeline-munoz-accidente-paraliza-casi-toda-la-obra_1_2262790.html,tvn-2.com,es,2026-09-25T18:28:14.000Z,,2026-10-07T00:57:09.879Z,,tvn_sitemap,titular+descripcion,"La ministra de Trabajo, Jackeline Muñoz.",
N-efd4fb820d,Investigan muerte de un hombre tras recibir varios disparos en Colón,https://www.tvn-2.com/nacionales/investigan-muerte-hombre-recibir-disparos-colon_1_2262777.html,tvn-2.com,es,2026-09-25T17:30:04.000Z,,2026-10-07T00:57:11.600Z,,tvn_sitemap,titular+descripcion,"Las autoridades mantienen las investigaciones para determinar cómo ocurrieron los hechos, identificar a la víctima y establecer las responsabilidades correspondientes.",
N-da54b5bac5,Coalición Vamos entrega firmas al Tribunal Electoral para convertirse en partido político,https://www.tvn-2.com/nacionales/coalicion-vamos-entrega-firmas-convertirse-en-partido-politico-tribunal-electoral-juan-diego-vasquez_1_2262781.html,tvn-2.com,es,2026-09-25T17:30:00.000Z,,2026-10-07T00:57:13.163Z,,tvn_sitemap,titular+descripcion,"El exdiputado Juan Diego Vásquez figuraría como presidente de la coalición y aseguró que entregarán 70 mil rúbricas, las cuales pidió a los magistrados que esas firmantes sean incluidas como iniciadoras y también los primeros adherentes del colectivo.",
N-6482ce646e,"Hyundai Truck & Bus lanza en Panamá su nueva Línea GT, con el respaldo de más de 20 años de Grupo Cincuentenario, en el marco de Expo CAPAC 2026",https://www.tvn-2.com/economia/empresas/publirreportajes/hyundai-truck-bus-lanza-panama_1_2262744.html,tvn-2.com,es,2026-09-25T16:09:48.000Z,,2026-10-07T00:57:14.761Z,,tvn_sitemap,titular+descripcion,"La cabina fue diseñada pensando en quien pasa el día al volante: más espacio, asientos de mayor tamaño y acceso más fácil para las subidas y bajadas constantes del reparto.",
N-993df5965d,Bebé vuelve a casa tras 70 días en cuidados intensivos neonatales en Ciudad de la Salud,https://www.tvn-2.com/nacionales/bebe-vuelve-casa-70-dias-cuidados-intensivos-ciudad-de-la-salud-caja-del-segur-social_1_2262761.html,tvn-2.com,es,2026-09-25T16:07:04.000Z,,2026-10-07T00:57:16.388Z,,tvn_sitemap,titular+descripcion,"De acuerdo con la CSS, la unidad de la Ciudad de la Salud alcanza una supervivencia superior al 90 % entre los bebés prematuros graves que atiende.",
N-1b2c1e2709,"Casco Peatonal prepara jornada de cultura, música y gastronomía este domingo 27 de septiembre",https://www.tvn-2.com/nacionales/casco-peatonal-prepara-jornada-cultura-musica-gastronomia-san-felipe_1_2262760.html,tvn-2.com,es,2026-09-25T15:43:47.000Z,,2026-10-07T00:57:17.772Z,,tvn_sitemap,titular+descripcion,"Durante su primer año, el Casco Peatonal recibió más de 800 mil visitantes y generó un movimiento económico aproximado de $15 millones, de acuerdo con los datos suministrados sobre la iniciativa.",
N-4f06994cf8,"Casi la mitad de los hogares panameños comió menos de tres veces al día por falta de dinero, revela estudio de la Cciap",https://www.tvn-2.com/nacionales/camara-de-comercio-cciap-mitad-hogares-panamenos-come-menos-tres-veces-al-dia_1_2262724.html,tvn-2.com,es,2026-09-25T13:55:24.000Z,,2026-10-07T00:57:19.330Z,,tvn_sitemap,titular+descripcion,"Tener una vivienda con la que se está a gusto o acceder a una cuenta bancaria son avances en la calidad de vida. Pero, para muchas familias en Panamá, la preocupación más inmediata sigue estando en la mesa: alcanzar para comer.",
N-c5aa581714,"Reformas electorales: estos son los cambios que proponen los diputados, ¿qué buscan para 2029?",https://www.tvn-2.com/nacionales/reformas-electorales-cambios-proponen-diputados-elecciones-2029-asamblea_1_2262711.html,tvn-2.com,es,2026-09-25T13:35:00.000Z,,2026-10-07T00:57:20.986Z,,tvn_sitemap,titular+descripcion,"Entre las propuestas eliminadas por los diputados del proyecto original y que la otra semana entrarían en la agenda del pleno de la Asamblea, retira la derogación de la CNRE, así como la reducción del fuero electoral penal de dirigentes partidarios.",
N-c68335bdc9,Reformas electorales: Ana Matilde Gómez advierte que reducir espacios de participación 'viola la Constitución',https://www.tvn-2.com/nacionales/reformas-electorales-ana-matilde-gomez-participacion-constitucion-elecciones-politica-panama_1_2262725.html,tvn-2.com,es,2026-09-25T13:25:43.000Z,,2026-10-07T00:57:22.850Z,,tvn_sitemap,titular+descripcion,Uno de los puntos que mencionó está relacionado con las reglas de financiamiento y los topes de gastos de campaña.,
N-cdfe44a6ea,¿Cómo responden los edificios panameños a los sismos? La UTP monitorea más de 200 y busca ampliar la red,https://www.tvn-2.com/nacionales/edificios-en-panama-sismos-universidad-tecnologica-de-panama-monitoreo-200-edificaciones_1_2262713.html,tvn-2.com,es,2026-09-25T12:29:29.000Z,,2026-10-07T00:57:24.385Z,,tvn_sitemap,titular+descripcion,"Los recientes sismos registrados en la región han reavivado una pregunta para quienes viven o trabajan en edificios: ¿cómo responderían esas estructuras ante un movimiento fuerte? En Panamá, la",
N-aac3b1f22e,Más de 2 toneladas de droga incautadas en 12 horas: estiman su valor en varios millones,https://www.tvn-2.com/nacionales/toneladas-droga-incautadas-panama-valor-millonario-policia-nacional-jaime-fernandez_1_2262712.html,tvn-2.com,es,2026-09-25T12:14:31.000Z,,2026-10-07T00:57:26.171Z,,tvn_sitemap,titular+descripcion,"La Policía informó que durante las cuatro operaciones se decomisaron 2,235 paquetes de presunta sustancia ilícita y 100 pastillas de éxtasis.",
N-08cc68d49a,Clima en Panamá: aguaceros y tormentas se esperan esta tarde en gran parte del Pacífico,https://www.tvn-2.com/nacionales/clima-panama-aguaceros-pronostico-del-tiempo-hoy-25-de-septiembre-de-2026-tormentas-pacifico-imhpa_1_2262707.html,tvn-2.com,es,2026-09-25T11:00:04.000Z,,2026-10-07T00:57:27.816Z,,tvn_sitemap,titular+descripcion,"Durante la madrugada, las tormentas se ubicarán principalmente sobre el mar, aunque algunos núcleos de lluvia podrían alcanzar las costas de Chiriquí, el sur de Azuero y el área del golfo de Panamá, incluidas zonas costeras de Panamá Metro, Este y Oeste.",
N-e643b4ed53,Bancada Seguimos presentará cambios a las reformas electorales en segundo debate,https://www.tvn-2.com/nacionales/bancada-seguimos-presentara-cambios-reformas-electorales-segundodebate_1_2262701.html,tvn-2.com,es,2026-09-25T01:59:49.000Z,,2026-10-07T00:57:29.553Z,,tvn_sitemap,titular+descripcion,La organización también manifestó que se mantendrá vigilante ante cualquier medida que considere que pueda debilitar la participación democrática.,
N-6cdae0b34c,Proyecto para crear el nuevo Distrito Metropolitano avanza en Albrook,https://www.tvn-2.com/nacionales/albrook-avanza-proyecto-crear-nuevo_1_2262691.html,tvn-2.com,es,2026-09-25T00:55:01.000Z,,2026-10-07T00:57:31.325Z,,tvn_sitemap,titular+descripcion,"Una vez concluida la fase de demolición, se dará paso a los procesos de licitación pública para la construcción de la infraestructura contemplada en el proyecto.",
N-7b21e0de35,"Mujeres ganan protagonismo en delitos graves, según investigadores",https://www.tvn-2.com/nacionales/mujeres-ganan-protagonismo-delitos-graves_1_2262694.html,tvn-2.com,es,2026-09-25T01:13:05.000Z,,2026-10-07T00:57:33.006Z,,tvn_sitemap,titular+descripcion,Las estadísticas de la Procuraduría General de la Nación muestran que las mujeres también figuran entre las personas aprehendidas en investigaciones por delitos relacionados con drogas.,
N-45f7932d78,Unachi | Docentes y administrativos esperan traslado de $7.7 millones para el pago de tres quincenas,https://www.tvn-2.com/nacionales/unachi-docentes-administrativos-esperan-traslado_1_2262687.html,tvn-2.com,es,2026-09-25T01:06:47.000Z,,2026-10-07T00:57:34.973Z,,tvn_sitemap,titular+descripcion,"Funcionarios de la universidad expresaron preocupación debido a que esta cifra está por debajo de los recursos que, según habían informado previamente las autoridades universitarias, serían necesarios para cubrir el déficit hasta diciembre de 2026.",
N-4061764ded,Comienza reparación de 12 puentes modulares en la capital tras años de reclamos por su deterioro,https://www.tvn-2.com/nacionales/expocapac-2026-reune-300-proyectos-viviendas_1_2262683.html,tvn-2.com,es,2026-09-25T00:57:40.000Z,,2026-10-07T00:57:36.509Z,,tvn_sitemap,titular+descripcion,"ExpoCapac estará abierta hasta el domingo 27 de septiembre. El jueves, viernes y sábado, el horario es de 1:00 p. m. a 9:00 p. m.; el domingo, de 1:00 p. m. a 8:00 p. m.",
N-463a37f80a,Árboles caen sobre viviendas en Colón durante fuertes lluvias; una mujer resulta lesionada,https://www.tvn-2.com/nacionales/provincias/arboles-caen-viviendas-colon-fuertes-lluvias-mujer-lesionada-sinaproc_1_2262664.html,tvn-2.com,es,2026-09-24T23:39:27.000Z,,2026-10-07T00:57:38.214Z,,tvn_sitemap,titular+descripcion,"El Sinaproc recomendó a quienes viven cerca de ríos, quebradas o zonas propensas a deslizamientos mantenerse atentos y llamar a los equipos de emergencia si perciben que su vida está en riesgo. El aviso de vigilancia por lluvias y tormentas intermitentes en el Caribe se mantiene activo hasta las 6:00 p. m. del viernes.",
N-c345577f4b,Mulino aborda con Netanyahu cooperación contra el crimen organizado y el narcotráfico,https://www.tvn-2.com/nacionales/mulino-aborda-netanyahu-cooperacion-crimen-organizado-narcotrafico_1_2262673.html,tvn-2.com,es,2026-09-24T23:19:11.000Z,,2026-10-07T00:57:39.673Z,,tvn_sitemap,titular+descripcion,"A partir de este intercambio, Israel planteó ampliar la cooperación con Panamá en materia de seguridad, comercio e inteligencia artificial.",
N-0506d3fa54,Alcaldía de Arraiján habilita arreglos de pago en el Juzgado de Aseo: Requisitos y trámites,https://www.tvn-2.com/nacionales/alcaldia-de-arraijan-arreglos-de-pago-habilita-juzgado-de-aseo-tramite-requisito_1_2262654.html,tvn-2.com,es,2026-09-24T22:40:23.000Z,,2026-10-07T00:57:42.298Z,,tvn_sitemap,titular+descripcion,La medida busca facilitar la regularización de los casos pendientes y permitir que los deudores puedan cumplir con sus obligaciones mediante acuerdos ajustados a sus posibilidades de pago.,
N-06046b1433,"¿Madrugonazo? Asamblea se aprueba traslado por $32.1 millones antes de la hora citada, cuestionan falta de transparencia",https://www.tvn-2.com/nacionales/madrugonazo-asamblea-aprueba-millonario-traslado-falta-de-transparencia_1_2262653.html,tvn-2.com,es,2026-09-24T22:25:00.000Z,,2026-10-07T00:57:44.741Z,,tvn_sitemap,titular+descripcion,"El presidente de la Comisión de Presupuesto, Eduardo Vásquez, indicó a este medio que la falta de transmisión pudo haber sido un \""error\"" humano, porque \""yo exijo que las comisiones sean transmitidas\"".",
N-a7de280d0f,AbonoPaTi: así funcionará el subsidio para comprar una vivienda nueva,https://www.tvn-2.com/nacionales/abonopati-funcionara-subsidio-comprar-vivienda_1_2262657.html,tvn-2.com,es,2026-09-24T22:19:41.000Z,,2026-10-07T00:57:46.296Z,,tvn_sitemap,titular+descripcion,El MEF reglamentó el programa que permitirá complementar el aporte de los beneficiarios para adquirir una vivienda nueva mediante un préstamo hipotecario. El trámite será digital y el subsidio se pagará directamente al banco.,
N-b15bc15b82,PASE-U: Ifarhu anuncia entrega de tarjetas Punch en Panamá Este ¿Dónde será?,https://www.tvn-2.com/nacionales/ifarhu-entrega-tarjetas-pase-u-panama-este-punch_1_2262604.html,tvn-2.com,es,2026-09-24T21:43:20.000Z,,2026-10-07T00:57:47.902Z,,tvn_sitemap,titular+descripcion,El Ifarhu iniciará la entrega de tarjetas Punch de Pase-U en Panamá Este.,